datetime (UTC),"coordinates (lat,lon)",model (name),model elevation (surface),utc_offset (hrs),temperature (degC),dewpoint_temperature (degC),wind_speed (m/s),mean_sea_level_pressure (Pa),total_precipitation (mm of water equivalent)
2022-08-01 00:00:00,"(40.76872225, -73.9826608125)",era5,23.61,-5.00,26.30,20.36,2.43,101856.87,0.02
2022-08-01 01:00:00,"(40.76872225, -73.9826608125)",era5,23.61,-5.00,25.94,20.77,2.21,101801.67,0.01
2022-08-01 02:00:00,"(40.76872225, -73.9826608125)",era5,23.61,-5.00,25.65,20.99,2.33,101788.67,0.14
2022-08-01 03:00:00,"(40.76872225, -73.9826608125)",era5,23.61,-5.00,25.07,20.94,2.68,101808.56,0.00
2022-08-01 04:00:00,"(40.76872225, -73.9826608125)",era5,23.61,-5.00,24.77,20.57,2.96,101793.91,0.00
2022-08-01 05:00:00,"(40.76872225, -73.9826608125)",era5,23.61,-5.00,24.20,20.32,2.44,101750.98,0.00
2022-08-01 06:00:00,"(40.76872225, -73.9826608125)",era5,23.61,-5.00,23.99,20.42,2.58,101730.87,0.03
2022-08-01 07:00:00,"(40.76872225, -73.9826608125)",era5,23.61,-5.00,23.43,20.48,2.73,101707.50,0.80
2022-08-01 08:00:00,"(40.76872225, -73.9826608125)",era5,23.61,-5.00,22.42,19.25,3.62,101700.93,1.31
2022-08-01 09:00:00,"(40.76872225, -73.9826608125)",era5,23.61,-5.00,21.64,19.01,2.92,101689.28,1.56
2022-08-01 10:00:00,"(40.76872225, -73.9826608125)",era5,23.61,-5.00,20.68,17.96,1.22,101597.03,2.45
2022-08-01 11:00:00,"(40.76872225, -73.9826608125)",era5,23.61,-5.00,20.52,18.02,1.71,101612.62,2.18
2022-08-01 12:00:00,"(40.76872225, -73.9826608125)",era5,23.61,-5.00,20.78,18.41,1.97,101580.05,0.56
2022-08-01 13:00:00,"(40.76872225, -73.9826608125)",era5,23.61,-5.00,20.93,18.71,1.77,101566.14,0.09
2022-08-01 14:00:00,"(40.76872225, -73.9826608125)",era5,23.61,-5.00,20.99,19.11,1.79,101532.01,0.04
2022-08-01 15:00:00,"(40.76872225, -73.9826608125)",era5,23.61,-5.00,21.55,19.03,1.79,101512.42,0.01
2022-08-01 16:00:00,"(40.76872225, -73.9826608125)",era5,23.61,-5.00,21.98,18.93,1.82,101474.84,0.02
2022-08-01 17:00:00,"(40.76872225, -73.9826608125)",era5,23.61,-5.00,22.61,19.01,1.33,101465.77,0.02
2022-08-01 18:00:00,"(40.76872225, -73.9826608125)",era5,23.61,-5.00,23.13,19.35,0.60,101387.48,0.02
2022-08-01 19:00:00,"(40.76872225, -73.9826608125)",era5,23.61,-5.00,23.60,19.43,0.84,101345.56,0.07
2022-08-01 20:00:00,"(40.76872225, -73.9826608125)",era5,23.61,-5.00,24.15,19.45,1.44,101294.95,0.07
2022-08-01 21:00:00,"(40.76872225, -73.9826608125)",era5,23.61,-5.00,24.58,19.58,2.00,101203.16,0.06
2022-08-01 22:00:00,"(40.76872225, -73.9826608125)",era5,23.61,-5.00,24.79,20.08,1.84,101226.54,0.01
2022-08-01 23:00:00,"(40.76872225, -73.9826608125)",era5,23.61,-5.00,25.03,19.87,1.83,101190.36,0.00
2022-08-02 00:00:00,"(40.76872225, -73.9826608125)",era5,23.61,-5.00,24.71,20.12,1.97,101147.58,0.00
2022-08-02 01:00:00,"(40.76872225, -73.9826608125)",era5,23.61,-5.00,24.06,20.59,2.21,101131.16,0.00
2022-08-02 02:00:00,"(40.76872225, -73.9826608125)",era5,23.61,-5.00,23.73,20.82,2.68,101161.94,0.00
2022-08-02 03:00:00,"(40.76872225, -73.9826608125)",era5,23.61,-5.00,22.98,20.74,2.93,101140.22,0.00
2022-08-02 04:00:00,"(40.76872225, -73.9826608125)",era5,23.61,-5.00,22.83,20.73,2.82,101111.40,0.00
2022-08-02 05:00:00,"(40.76872225, -73.9826608125)",era5,23.61,-5.00,22.34,20.54,2.68,101096.26,0.00
2022-08-02 06:00:00,"(40.76872225, -73.9826608125)",era5,23.61,-5.00,22.25,20.52,2.69,101050.45,0.00
2022-08-02 07:00:00,"(40.76872225, -73.9826608125)",era5,23.61,-5.00,22.41,20.61,2.84,101024.30,0.00
2022-08-02 08:00:00,"(40.76872225, -73.9826608125)",era5,23.61,-5.00,22.44,20.58,2.75,100995.97,0.00
2022-08-02 09:00:00,"(40.76872225, -73.9826608125)",era5,23.61,-5.00,22.34,20.63,2.71,100978.88,0.00
2022-08-02 10:00:00,"(40.76872225, -73.9826608125)",era5,23.61,-5.00,22.76,20.89,2.11,101014.68,0.00
2022-08-02 11:00:00,"(40.76872225, -73.9826608125)",era5,23.61,-5.00,22.67,20.75,2.16,101051.77,0.00
2022-08-02 12:00:00,"(40.76872225, -73.9826608125)",era5,23.61,-5.00,23.48,21.04,2.22,101037.82,0.00
2022-08-02 13:00:00,"(40.76872225, -73.9826608125)",era5,23.61,-5.00,24.55,21.41,2.33,101024.43,0.00
2022-08-02 14:00:00,"(40.76872225, -73.9826608125)",era5,23.61,-5.00,26.26,21.62,2.41,100998.58,0.00
2022-08-02 15:00:00,"(40.76872225, -73.9826608125)",era5,23.61,-5.00,28.44,21.70,2.39,100976.90,0.02
2022-08-02 16:00:00,"(40.76872225, -73.9826608125)",era5,23.61,-5.00,29.19,21.61,2.64,100957.61,0.01
2022-08-02 17:00:00,"(40.76872225, -73.9826608125)",era5,23.61,-5.00,29.93,21.49,2.99,100929.48,0.00
2022-08-02 18:00:00,"(40.76872225, -73.9826608125)",era5,23.61,-5.00,30.18,21.46,3.25,100895.18,0.00
2022-08-02 19:00:00,"(40.76872225, -73.9826608125)",era5,23.61,-5.00,30.87,21.14,3.45,100863.25,0.01
2022-08-02 20:00:00,"(40.76872225, -73.9826608125)",era5,23.61,-5.00,31.62,20.27,3.52,100863.74,0.00
2022-08-02 21:00:00,"(40.76872225, -73.9826608125)",era5,23.61,-5.00,31.72,19.78,3.22,100790.87,0.00
2022-08-02 22:00:00,"(40.76872225, -73.9826608125)",era5,23.61,-5.00,31.36,19.11,2.50,100834.80,0.00
2022-08-02 23:00:00,"(40.76872225, -73.9826608125)",era5,23.61,-5.00,30.35,20.36,1.81,100878.98,0.00
2022-08-03 00:00:00,"(40.76872225, -73.9826608125)",era5,23.61,-5.00,30.11,19.81,1.71,100922.23,0.00
2022-08-03 01:00:00,"(40.76872225, -73.9826608125)",era5,23.61,-5.00,29.15,20.38,1.51,100981.59,0.00
2022-08-03 02:00:00,"(40.76872225, -73.9826608125)",era5,23.61,-5.00,28.09,20.84,1.51,101065.14,0.00
2022-08-03 03:00:00,"(40.76872225, -73.9826608125)",era5,23.61,-5.00,26.66,20.61,1.85,101126.98,0.00
2022-08-03 04:00:00,"(40.76872225, -73.9826608125)",era5,23.61,-5.00,26.55,20.53,2.44,101179.98,0.00
2022-08-03 05:00:00,"(40.76872225, -73.9826608125)",era5,23.61,-5.00,25.60,20.08,3.38,101235.54,0.00
2022-08-03 06:00:00,"(40.76872225, -73.9826608125)",era5,23.61,-5.00,25.44,19.91,3.86,101266.04,0.00
2022-08-03 07:00:00,"(40.76872225, -73.9826608125)",era5,23.61,-5.00,24.88,19.47,3.84,101302.13,0.00
2022-08-03 08:00:00,"(40.76872225, -73.9826608125)",era5,23.61,-5.00,24.24,19.09,3.98,101383.51,0.00
2022-08-03 09:00:00,"(40.76872225, -73.9826608125)",era5,23.61,-5.00,23.48,18.72,3.68,101378.67,0.00
2022-08-03 10:00:00,"(40.76872225, -73.9826608125)",era5,23.61,-5.00,22.99,18.49,2.37,101489.02,0.00
2022-08-03 11:00:00,"(40.76872225, -73.9826608125)",era5,23.61,-5.00,22.99,18.18,2.06,101512.12,0.00
2022-08-03 12:00:00,"(40.76872225, -73.9826608125)",era5,23.61,-5.00,23.99,18.35,1.61,101528.59,0.00
2022-08-03 13:00:00,"(40.76872225, -73.9826608125)",era5,23.61,-5.00,24.84,18.31,1.20,101549.17,0.00
2022-08-03 14:00:00,"(40.76872225, -73.9826608125)",era5,23.61,-5.00,26.17,18.51,0.91,101604.92,0.00
2022-08-03 15:00:00,"(40.76872225, -73.9826608125)",era5,23.61,-5.00,28.07,18.70,1.44,101617.51,0.00
2022-08-03 16:00:00,"(40.76872225, -73.9826608125)",era5,23.61,-5.00,28.95,18.11,2.22,101631.78,0.00
2022-08-03 17:00:00,"(40.76872225, -73.9826608125)",era5,23.61,-5.00,29.59,17.94,2.48,101567.09,0.00
2022-08-03 18:00:00,"(40.76872225, -73.9826608125)",era5,23.61,-5.00,29.84,17.50,2.63,101541.39,0.00
2022-08-03 19:00:00,"(40.76872225, -73.9826608125)",era5,23.61,-5.00,30.29,17.23,2.70,101456.91,0.00
2022-08-03 20:00:00,"(40.76872225, -73.9826608125)",era5,23.61,-5.00,30.53,17.44,2.68,101422.97,0.00
2022-08-03 21:00:00,"(40.76872225, -73.9826608125)",era5,23.61,-5.00,30.55,18.08,2.57,101397.19,0.00
2022-08-03 22:00:00,"(40.76872225, -73.9826608125)",era5,23.61,-5.00,29.67,18.90,2.56,101371.97,0.00
2022-08-03 23:00:00,"(40.76872225, -73.9826608125)",era5,23.61,-5.00,28.98,19.20,2.61,101405.66,0.00
2022-08-04 00:00:00,"(40.76872225, -73.9826608125)",era5,23.61,-5.00,27.67,20.35,2.65,101440.98,0.00
2022-08-04 01:00:00,"(40.76872225, -73.9826608125)",era5,23.61,-5.00,26.56,21.17,2.54,101517.48,0.00
2022-08-04 02:00:00,"(40.76872225, -73.9826608125)",era5,23.61,-5.00,25.89,21.50,2.12,101635.23,0.00
2022-08-04 03:00:00,"(40.76872225, -73.9826608125)",era5,23.61,-5.00,25.21,21.14,1.85,101658.41,0.00
2022-08-04 04:00:00,"(40.76872225, -73.9826608125)",era5,23.61,-5.00,25.17,20.82,1.76,101671.99,0.00
2022-08-04 05:00:00,"(40.76872225, -73.9826608125)",era5,23.61,-5.00,24.72,20.57,2.15,101662.70,0.00
2022-08-04 06:00:00,"(40.76872225, -73.9826608125)",era5,23.61,-5.00,24.58,20.66,2.58,101661.56,0.00
2022-08-04 07:00:00,"(40.76872225, -73.9826608125)",era5,23.61,-5.00,24.41,20.38,2.59,101638.20,0.00
2022-08-04 08:00:00,"(40.76872225, -73.9826608125)",era5,23.61,-5.00,24.05,20.32,2.51,101649.61,0.00
2022-08-04 09:00:00,"(40.76872225, -73.9826608125)",era5,23.61,-5.00,23.75,20.49,2.39,101656.21,0.00
2022-08-04 10:00:00,"(40.76872225, -73.9826608125)",era5,23.61,-5.00,24.30,20.44,1.74,101734.82,0.00
2022-08-04 11:00:00,"(40.76872225, -73.9826608125)",era5,23.61,-5.00,24.15,20.73,2.15,101777.97,0.00
2022-08-04 12:00:00,"(40.76872225, -73.9826608125)",era5,23.61,-5.00,25.14,21.15,1.89,101837.12,0.00
2022-08-04 13:00:00,"(40.76872225, -73.9826608125)",era5,23.61,-5.00,26.50,21.58,2.25,101787.34,0.00
2022-08-04 14:00:00,"(40.76872225, -73.9826608125)",era5,23.61,-5.00,28.24,21.73,2.80,101769.96,0.00
2022-08-04 15:00:00,"(40.76872225, -73.9826608125)",era5,23.61,-5.00,30.54,21.25,3.21,101741.67,0.00
2022-08-04 16:00:00,"(40.76872225, -73.9826608125)",era5,23.61,-5.00,31.33,21.23,3.61,101711.06,0.00
2022-08-04 17:00:00,"(40.76872225, -73.9826608125)",era5,23.61,-5.00,31.78,21.03,3.71,101703.19,0.00
2022-08-04 18:00:00,"(40.76872225, -73.9826608125)",era5,23.61,-5.00,32.43,20.99,3.54,101652.93,0.00
2022-08-04 19:00:00,"(40.76872225, -73.9826608125)",era5,23.61,-5.00,32.89,20.72,3.51,101599.41,0.00
2022-08-04 20:00:00,"(40.76872225, -73.9826608125)",era5,23.61,-5.00,32.49,21.15,3.71,101590.68,0.00
2022-08-04 21:00:00,"(40.76872225, -73.9826608125)",era5,23.61,-5.00,31.67,21.56,3.59,101593.57,0.00
2022-08-04 22:00:00,"(40.76872225, -73.9826608125)",era5,23.61,-5.00,31.28,21.53,2.65,101580.67,0.00
2022-08-04 23:00:00,"(40.76872225, -73.9826608125)",era5,23.61,-5.00,30.26,21.35,2.18,101546.94,0.00
2022-08-05 00:00:00,"(40.76872225, -73.9826608125)",era5,23.61,-5.00,29.21,21.39,1.08,101651.88,0.00
2022-08-05 01:00:00,"(40.76872225, -73.9826608125)",era5,23.61,-5.00,28.56,21.66,1.24,101714.46,0.00
2022-08-05 02:00:00,"(40.76872225, -73.9826608125)",era5,23.61,-5.00,28.00,21.48,1.40,101759.74,0.00
2022-08-05 03:00:00,"(40.76872225, -73.9826608125)",era5,23.61,-5.00,26.94,21.44,1.85,101762.61,0.00
2022-08-05 04:00:00,"(40.76872225, -73.9826608125)",era5,23.61,-5.00,26.63,21.63,2.02,101773.73,0.00
2022-08-05 05:00:00,"(40.76872225, -73.9826608125)",era5,23.61,-5.00,26.23,21.65,2.08,101789.96,0.00
2022-08-05 06:00:00,"(40.76872225, -73.9826608125)",era5,23.61,-5.00,26.09,21.60,2.49,101789.05,0.00
2022-08-05 07:00:00,"(40.76872225, -73.9826608125)",era5,23.61,-5.00,25.81,21.54,2.77,101810.13,0.00
2022-08-05 08:00:00,"(40.76872225, -73.9826608125)",era5,23.61,-5.00,25.71,21.56,2.57,101830.35,0.00
2022-08-05 09:00:00,"(40.76872225, -73.9826608125)",era5,23.61,-5.00,25.38,21.86,2.28,101836.84,0.00
2022-08-05 10:00:00,"(40.76872225, -73.9826608125)",era5,23.61,-5.00,25.45,20.50,1.73,101892.88,0.00
2022-08-05 11:00:00,"(40.76872225, -73.9826608125)",era5,23.61,-5.00,25.11,20.48,2.15,101919.62,0.00
2022-08-05 12:00:00,"(40.76872225, -73.9826608125)",era5,23.61,-5.00,25.55,20.60,1.96,102018.55,0.00
2022-08-05 13:00:00,"(40.76872225, -73.9826608125)",era5,23.61,-5.00,26.13,20.59,1.57,102048.40,0.00
2022-08-05 14:00:00,"(40.76872225, -73.9826608125)",era5,23.61,-5.00,27.19,21.03,1.04,102052.93,0.00
2022-08-05 15:00:00,"(40.76872225, -73.9826608125)",era5,23.61,-5.00,28.63,20.95,0.58,102082.33,0.00
2022-08-05 16:00:00,"(40.76872225, -73.9826608125)",era5,23.61,-5.00,29.11,21.29,0.99,102056.73,0.00
2022-08-05 17:00:00,"(40.76872225, -73.9826608125)",era5,23.61,-5.00,29.91,21.23,1.76,102062.32,0.00
2022-08-05 18:00:00,"(40.76872225, -73.9826608125)",era5,23.61,-5.00,30.55,21.04,2.49,102017.30,0.00
2022-08-05 19:00:00,"(40.76872225, -73.9826608125)",era5,23.61,-5.00,31.33,20.60,2.59,101990.44,0.01
2022-08-05 20:00:00,"(40.76872225, -73.9826608125)",era5,23.61,-5.00,32.24,19.94,2.63,101957.12,0.01
2022-08-05 21:00:00,"(40.76872225, -73.9826608125)",era5,23.61,-5.00,32.17,20.71,2.45,101881.73,0.01
2022-08-05 22:00:00,"(40.76872225, -73.9826608125)",era5,23.61,-5.00,30.95,21.36,2.66,101903.11,0.12
2022-08-05 23:00:00,"(40.76872225, -73.9826608125)",era5,23.61,-5.00,30.36,21.04,2.07,102000.65,0.35
2022-08-06 00:00:00,"(40.76872225, -73.9826608125)",era5,23.61,-5.00,29.27,21.48,2.72,102031.70,0.05
2022-08-06 01:00:00,"(40.76872225, -73.9826608125)",era5,23.61,-5.00,28.67,21.62,2.34,102122.82,0.07
2022-08-06 02:00:00,"(40.76872225, -73.9826608125)",era5,23.61,-5.00,28.20,21.66,2.24,102119.40,0.02
2022-08-06 03:00:00,"(40.76872225, -73.9826608125)",era5,23.61,-5.00,27.41,21.45,2.42,102142.35,0.00
2022-08-06 04:00:00,"(40.76872225, -73.9826608125)",era5,23.61,-5.00,27.24,21.74,2.42,102152.59,0.00
2022-08-06 05:00:00,"(40.76872225, -73.9826608125)",era5,23.61,-5.00,26.70,22.01,2.30,102156.53,0.00
2022-08-06 06:00:00,"(40.76872225, -73.9826608125)",era5,23.61,-5.00,26.21,22.19,2.17,102127.04,0.00
2022-08-06 07:00:00,"(40.76872225, -73.9826608125)",era5,23.61,-5.00,25.89,22.31,1.79,102152.20,0.00
2022-08-06 08:00:00,"(40.76872225, -73.9826608125)",era5,23.61,-5.00,25.37,22.30,1.93,102179.82,0.00
2022-08-06 09:00:00,"(40.76872225, -73.9826608125)",era5,23.61,-5.00,24.97,22.47,2.18,102220.48,0.00
2022-08-06 10:00:00,"(40.76872225, -73.9826608125)",era5,23.61,-5.00,24.99,21.88,1.85,102235.45,0.00
2022-08-06 11:00:00,"(40.76872225, -73.9826608125)",era5,23.61,-5.00,24.85,21.90,1.93,102300.48,0.00
2022-08-06 12:00:00,"(40.76872225, -73.9826608125)",era5,23.61,-5.00,25.78,22.06,1.93,102339.27,0.00
2022-08-06 13:00:00,"(40.76872225, -73.9826608125)",era5,23.61,-5.00,26.80,22.09,1.92,102363.47,0.00
2022-08-06 14:00:00,"(40.76872225, -73.9826608125)",era5,23.61,-5.00,27.67,22.73,2.36,102343.83,0.02
2022-08-06 15:00:00,"(40.76872225, -73.9826608125)",era5,23.61,-5.00,29.30,22.96,3.34,102328.10,0.06
2022-08-06 16:00:00,"(40.76872225, -73.9826608125)",era5,23.61,-5.00,29.90,22.90,4.20,102267.13,0.06
2022-08-06 17:00:00,"(40.76872225, -73.9826608125)",era5,23.61,-5.00,30.86,22.39,4.60,102243.60,0.04
2022-08-06 18:00:00,"(40.76872225, -73.9826608125)",era5,23.61,-5.00,31.33,22.25,4.85,102177.55,0.02
2022-08-06 19:00:00,"(40.76872225, -73.9826608125)",era5,23.61,-5.00,31.71,21.94,4.83,102154.41,0.00
2022-08-06 20:00:00,"(40.76872225, -73.9826608125)",era5,23.61,-5.00,30.15,22.78,4.99,102124.48,0.26
2022-08-06 21:00:00,"(40.76872225, -73.9826608125)",era5,23.61,-5.00,30.34,22.80,4.67,102085.40,0.26
2022-08-06 22:00:00,"(40.76872225, -73.9826608125)",era5,23.61,-5.00,30.80,21.75,2.09,102043.14,0.01
2022-08-06 23:00:00,"(40.76872225, -73.9826608125)",era5,23.61,-5.00,30.54,21.85,1.95,102078.05,0.00
2022-08-07 00:00:00,"(40.76872225, -73.9826608125)",era5,23.61,-5.00,29.95,22.10,2.60,102086.75,0.00
2022-08-07 01:00:00,"(40.76872225, -73.9826608125)",era5,23.61,-5.00,29.34,22.35,3.17,102152.38,0.00
2022-08-07 02:00:00,"(40.76872225, -73.9826608125)",era5,23.61,-5.00,28.84,22.64,3.31,102216.68,0.00
2022-08-07 03:00:00,"(40.76872225, -73.9826608125)",era5,23.61,-5.00,28.12,23.03,3.49,102233.63,0.00
2022-08-07 04:00:00,"(40.76872225, -73.9826608125)",era5,23.61,-5.00,27.92,23.18,3.89,102230.09,0.00
2022-08-07 05:00:00,"(40.76872225, -73.9826608125)",era5,23.61,-5.00,27.37,23.20,4.17,102224.48,0.00
2022-08-07 06:00:00,"(40.76872225, -73.9826608125)",era5,23.61,-5.00,27.17,23.35,3.87,102190.09,0.00
2022-08-07 07:00:00,"(40.76872225, -73.9826608125)",era5,23.61,-5.00,27.03,23.36,3.63,102187.73,0.04
2022-08-07 08:00:00,"(40.76872225, -73.9826608125)",era5,23.61,-5.00,26.78,23.32,3.53,102158.26,0.00
2022-08-07 09:00:00,"(40.76872225, -73.9826608125)",era5,23.61,-5.00,26.48,23.24,3.57,102169.00,0.00
2022-08-07 10:00:00,"(40.76872225, -73.9826608125)",era5,23.61,-5.00,26.43,23.49,2.94,102165.77,0.00
2022-08-07 11:00:00,"(40.76872225, -73.9826608125)",era5,23.61,-5.00,26.53,23.47,3.09,102181.02,0.00
2022-08-07 12:00:00,"(40.76872225, -73.9826608125)",era5,23.61,-5.00,27.07,23.40,3.19,102223.75,0.00
2022-08-07 13:00:00,"(40.76872225, -73.9826608125)",era5,23.61,-5.00,27.76,23.38,3.93,102229.59,0.02
2022-08-07 14:00:00,"(40.76872225, -73.9826608125)",era5,23.61,-5.00,28.80,23.30,4.27,102189.38,0.03
2022-08-07 15:00:00,"(40.76872225, -73.9826608125)",era5,23.61,-5.00,30.61,22.64,4.40,102158.43,0.02
2022-08-07 16:00:00,"(40.76872225, -73.9826608125)",era5,23.61,-5.00,31.42,22.39,4.84,102100.41,0.01
2022-08-07 17:00:00,"(40.76872225, -73.9826608125)",era5,23.61,-5.00,32.21,22.22,5.35,102023.88,0.00
2022-08-07 18:00:00,"(40.76872225, -73.9826608125)",era5,23.61,-5.00,31.91,22.46,5.58,101939.39,0.01
2022-08-07 19:00:00,"(40.76872225, -73.9826608125)",era5,23.61,-5.00,32.08,22.68,5.96,101856.97,0.02
2022-08-07 20:00:00,"(40.76872225, -73.9826608125)",era5,23.61,-5.00,31.89,22.93,5.84,101811.03,1.68
2022-08-07 21:00:00,"(40.76872225, -73.9826608125)",era5,23.61,-5.00,31.65,23.35,4.28,101791.70,1.17
2022-08-07 22:00:00,"(40.76872225, -73.9826608125)",era5,23.61,-5.00,30.44,22.45,2.27,101761.88,0.00
2022-08-07 23:00:00,"(40.76872225, -73.9826608125)",era5,23.61,-5.00,30.49,22.10,3.43,101751.18,0.00
2022-08-08 00:00:00,"(40.76872225, -73.9826608125)",era5,23.61,-5.00,29.64,22.34,3.50,101803.14,0.00
2022-08-08 01:00:00,"(40.76872225, -73.9826608125)",era5,23.61,-5.00,29.12,22.50,3.57,101852.90,0.00
2022-08-08 02:00:00,"(40.76872225, -73.9826608125)",era5,23.61,-5.00,28.69,22.44,3.35,101875.65,0.00
2022-08-08 03:00:00,"(40.76872225, -73.9826608125)",era5,23.61,-5.00,27.98,22.59,3.72,101856.08,0.00
2022-08-08 04:00:00,"(40.76872225, -73.9826608125)",era5,23.61,-5.00,27.86,22.75,3.95,101849.97,0.00
2022-08-08 05:00:00,"(40.76872225, -73.9826608125)",era5,23.61,-5.00,27.20,22.90,4.00,101821.16,0.00
2022-08-08 06:00:00,"(40.76872225, -73.9826608125)",era5,23.61,-5.00,27.03,23.10,3.99,101793.94,0.00
2022-08-08 07:00:00,"(40.76872225, -73.9826608125)",era5,23.61,-5.00,26.80,23.18,3.95,101752.30,0.00
2022-08-08 08:00:00,"(40.76872225, -73.9826608125)",era5,23.61,-5.00,26.52,23.26,3.77,101757.96,0.00
2022-08-08 09:00:00,"(40.76872225, -73.9826608125)",era5,23.61,-5.00,26.00,23.30,3.69,101734.89,0.00
2022-08-08 10:00:00,"(40.76872225, -73.9826608125)",era5,23.61,-5.00,26.37,23.77,2.85,101735.63,0.00
2022-08-08 11:00:00,"(40.76872225, -73.9826608125)",era5,23.61,-5.00,26.43,23.85,3.14,101762.86,0.00
2022-08-08 12:00:00,"(40.76872225, -73.9826608125)",era5,23.61,-5.00,26.96,23.99,3.22,101746.98,0.00
2022-08-08 13:00:00,"(40.76872225, -73.9826608125)",era5,23.61,-5.00,27.60,23.99,3.74,101713.30,0.00
2022-08-08 14:00:00,"(40.76872225, -73.9826608125)",era5,23.61,-5.00,28.54,23.87,4.17,101679.40,0.02
2022-08-08 15:00:00,"(40.76872225, -73.9826608125)",era5,23.61,-5.00,30.41,23.99,4.15,101632.59,0.02
2022-08-08 16:00:00,"(40.76872225, -73.9826608125)",era5,23.61,-5.00,31.47,23.77,4.48,101570.23,0.01
2022-08-08 17:00:00,"(40.76872225, -73.9826608125)",era5,23.61,-5.00,32.17,23.49,4.78,101518.30,0.01
2022-08-08 18:00:00,"(40.76872225, -73.9826608125)",era5,23.61,-5.00,32.49,23.24,4.82,101434.33,0.00
2022-08-08 19:00:00,"(40.76872225, -73.9826608125)",era5,23.61,-5.00,32.50,22.62,4.85,101377.66,0.01
2022-08-08 20:00:00,"(40.76872225, -73.9826608125)",era5,23.61,-5.00,33.17,22.61,4.75,101262.60,0.09
2022-08-08 21:00:00,"(40.76872225, -73.9826608125)",era5,23.61,-5.00,33.06,21.93,5.00,101274.21,0.03
2022-08-08 22:00:00,"(40.76872225, -73.9826608125)",era5,23.61,-5.00,31.82,21.84,3.92,101245.70,0.02
2022-08-08 23:00:00,"(40.76872225, -73.9826608125)",era5,23.61,-5.00,31.57,21.99,3.67,101169.29,0.00
2022-08-09 00:00:00,"(40.76872225, -73.9826608125)",era5,23.61,-5.00,30.57,22.87,3.85,101224.56,0.00
2022-08-09 01:00:00,"(40.76872225, -73.9826608125)",era5,23.61,-5.00,29.99,23.06,4.04,101240.02,0.00
2022-08-09 02:00:00,"(40.76872225, -73.9826608125)",era5,23.61,-5.00,29.54,23.31,4.47,101289.53,0.00
2022-08-09 03:00:00,"(40.76872225, -73.9826608125)",era5,23.61,-5.00,28.75,23.74,4.53,101277.70,0.00
2022-08-09 04:00:00,"(40.76872225, -73.9826608125)",era5,23.61,-5.00,28.59,23.94,4.56,101337.26,0.00
2022-08-09 05:00:00,"(40.76872225, -73.9826608125)",era5,23.61,-5.00,28.07,24.21,4.39,101322.45,0.00
2022-08-09 06:00:00,"(40.76872225, -73.9826608125)",era5,23.61,-5.00,27.96,24.43,4.25,101266.05,0.00
2022-08-09 07:00:00,"(40.76872225, -73.9826608125)",era5,23.61,-5.00,27.74,24.35,4.12,101249.97,0.00
2022-08-09 08:00:00,"(40.76872225, -73.9826608125)",era5,23.61,-5.00,27.73,24.34,4.05,101253.71,0.00
2022-08-09 09:00:00,"(40.76872225, -73.9826608125)",era5,23.61,-5.00,27.40,24.39,3.85,101235.31,0.00
2022-08-09 10:00:00,"(40.76872225, -73.9826608125)",era5,23.61,-5.00,27.30,24.02,3.12,101279.22,0.00
2022-08-09 11:00:00,"(40.76872225, -73.9826608125)",era5,23.61,-5.00,27.49,24.07,3.34,101292.04,0.00
2022-08-09 12:00:00,"(40.76872225, -73.9826608125)",era5,23.61,-5.00,28.02,24.07,3.46,101304.05,0.00
2022-08-09 13:00:00,"(40.76872225, -73.9826608125)",era5,23.61,-5.00,29.28,23.89,3.65,101301.12,0.00
2022-08-09 14:00:00,"(40.76872225, -73.9826608125)",era5,23.61,-5.00,30.69,23.78,4.03,101290.88,0.00
2022-08-09 15:00:00,"(40.76872225, -73.9826608125)",era5,23.61,-5.00,32.59,23.28,4.20,101279.23,0.01
2022-08-09 16:00:00,"(40.76872225, -73.9826608125)",era5,23.61,-5.00,33.22,22.95,4.35,101255.02,0.00
2022-08-09 17:00:00,"(40.76872225, -73.9826608125)",era5,23.61,-5.00,34.14,22.56,4.36,101200.88,0.00
2022-08-09 18:00:00,"(40.76872225, -73.9826608125)",era5,23.61,-5.00,34.92,21.72,4.39,101153.01,0.00
2022-08-09 19:00:00,"(40.76872225, -73.9826608125)",era5,23.61,-5.00,35.23,21.17,4.43,101107.84,0.01
2022-08-09 20:00:00,"(40.76872225, -73.9826608125)",era5,23.61,-5.00,34.70,22.16,5.11,101150.77,0.07
2022-08-09 21:00:00,"(40.76872225, -73.9826608125)",era5,23.61,-5.00,33.17,24.26,3.86,101182.40,0.02
2022-08-09 22:00:00,"(40.76872225, -73.9826608125)",era5,23.61,-5.00,31.53,23.09,1.33,101151.27,0.00
2022-08-09 23:00:00,"(40.76872225, -73.9826608125)",era5,23.61,-5.00,30.69,22.79,1.61,101207.84,0.00
2022-08-10 00:00:00,"(40.76872225, -73.9826608125)",era5,23.61,-5.00,30.28,23.26,1.62,101276.97,0.00
2022-08-10 01:00:00,"(40.76872225, -73.9826608125)",era5,23.61,-5.00,29.79,23.53,1.36,101361.03,0.00
2022-08-10 02:00:00,"(40.76872225, -73.9826608125)",era5,23.61,-5.00,29.33,23.45,1.29,101433.73,0.06
2022-08-10 03:00:00,"(40.76872225, -73.9826608125)",era5,23.61,-5.00,28.63,23.21,1.23,101428.18,0.06
2022-08-10 04:00:00,"(40.76872225, -73.9826608125)",era5,23.61,-5.00,27.90,22.93,1.40,101474.02,0.21
2022-08-10 05:00:00,"(40.76872225, -73.9826608125)",era5,23.61,-5.00,27.22,22.01,1.77,101505.49,0.00
2022-08-10 06:00:00,"(40.76872225, -73.9826608125)",era5,23.61,-5.00,26.74,21.19,2.56,101503.49,0.00
2022-08-10 07:00:00,"(40.76872225, -73.9826608125)",era5,23.61,-5.00,26.07,20.09,3.25,101514.70,0.00
2022-08-10 08:00:00,"(40.76872225, -73.9826608125)",era5,23.61,-5.00,25.57,19.05,3.57,101580.69,0.00
2022-08-10 09:00:00,"(40.76872225, -73.9826608125)",era5,23.61,-5.00,24.83,18.70,3.44,101592.67,0.01
2022-08-10 10:00:00,"(40.76872225, -73.9826608125)",era5,23.61,-5.00,24.88,18.87,2.62,101677.19,0.00
2022-08-10 11:00:00,"(40.76872225, -73.9826608125)",era5,23.61,-5.00,24.73,18.55,2.96,101730.16,0.00
2022-08-10 12:00:00,"(40.76872225, -73.9826608125)",era5,23.61,-5.00,25.13,18.35,2.96,101778.53,0.00
2022-08-10 13:00:00,"(40.76872225, -73.9826608125)",era5,23.61,-5.00,25.94,18.13,2.72,101794.60,0.00
2022-08-10 14:00:00,"(40.76872225, -73.9826608125)",era5,23.61,-5.00,26.41,18.05,2.13,101796.72,0.00
2022-08-10 15:00:00,"(40.76872225, -73.9826608125)",era5,23.61,-5.00,27.61,17.67,1.73,101795.18,0.00
2022-08-10 16:00:00,"(40.76872225, -73.9826608125)",era5,23.61,-5.00,28.18,17.92,1.62,101791.74,0.00
2022-08-10 17:00:00,"(40.76872225, -73.9826608125)",era5,23.61,-5.00,28.64,18.48,1.11,101749.51,0.00
2022-08-10 18:00:00,"(40.76872225, -73.9826608125)",era5,23.61,-5.00,28.89,18.85,1.41,101695.05,0.02
2022-08-10 19:00:00,"(40.76872225, -73.9826608125)",era5,23.61,-5.00,29.28,18.81,0.94,101619.47,0.02
2022-08-10 20:00:00,"(40.76872225, -73.9826608125)",era5,23.61,-5.00,29.53,19.44,0.85,101525.72,0.01
2022-08-10 21:00:00,"(40.76872225, -73.9826608125)",era5,23.61,-5.00,28.83,20.69,2.35,101480.47,0.02
2022-08-10 22:00:00,"(40.76872225, -73.9826608125)",era5,23.61,-5.00,28.86,20.22,2.79,101459.68,0.00
2022-08-10 23:00:00,"(40.76872225, -73.9826608125)",era5,23.61,-5.00,27.60,21.15,3.54,101455.97,0.00
2022-08-11 00:00:00,"(40.76872225, -73.9826608125)",era5,23.61,-5.00,26.54,21.32,3.50,101501.45,0.00
2022-08-11 01:00:00,"(40.76872225, -73.9826608125)",era5,23.61,-5.00,26.11,21.33,3.57,101524.95,0.00
2022-08-11 02:00:00,"(40.76872225, -73.9826608125)",era5,23.61,-5.00,25.90,21.23,3.29,101511.21,0.00
2022-08-11 03:00:00,"(40.76872225, -73.9826608125)",era5,23.61,-5.00,25.48,21.66,2.96,101486.41,0.00
2022-08-11 04:00:00,"(40.76872225, -73.9826608125)",era5,23.61,-5.00,25.45,22.02,2.47,101507.73,0.00
2022-08-11 05:00:00,"(40.76872225, -73.9826608125)",era5,23.61,-5.00,25.20,22.25,1.50,101460.98,0.06
2022-08-11 06:00:00,"(40.76872225, -73.9826608125)",era5,23.61,-5.00,25.15,22.26,1.09,101414.05,0.10
2022-08-11 07:00:00,"(40.76872225, -73.9826608125)",era5,23.61,-5.00,24.80,21.82,1.78,101371.84,0.04
2022-08-11 08:00:00,"(40.76872225, -73.9826608125)",era5,23.61,-5.00,24.49,21.91,1.86,101325.72,0.00
2022-08-11 09:00:00,"(40.76872225, -73.9826608125)",era5,23.61,-5.00,23.87,21.65,1.94,101286.67,0.00
2022-08-11 10:00:00,"(40.76872225, -73.9826608125)",era5,23.61,-5.00,23.87,20.02,1.37,101307.65,0.06
2022-08-11 11:00:00,"(40.76872225, -73.9826608125)",era5,23.61,-5.00,23.74,19.66,1.71,101325.16,0.10
2022-08-11 12:00:00,"(40.76872225, -73.9826608125)",era5,23.61,-5.00,23.61,19.56,1.45,101336.21,0.05
2022-08-11 13:00:00,"(40.76872225, -73.9826608125)",era5,23.61,-5.00,23.81,19.34,1.79,101316.73,0.14
2022-08-11 14:00:00,"(40.76872225, -73.9826608125)",era5,23.61,-5.00,24.79,18.74,2.14,101299.39,0.01
2022-08-11 15:00:00,"(40.76872225, -73.9826608125)",era5,23.61,-5.00,27.30,17.09,1.80,101284.80,0.00
2022-08-11 16:00:00,"(40.76872225, -73.9826608125)",era5,23.61,-5.00,28.33,16.29,1.05,101250.88,0.00
2022-08-11 17:00:00,"(40.76872225, -73.9826608125)",era5,23.61,-5.00,29.07,15.51,0.61,101199.78,0.00
2022-08-11 18:00:00,"(40.76872225, -73.9826608125)",era5,23.61,-5.00,30.20,15.18,1.29,101135.31,0.00
2022-08-11 19:00:00,"(40.76872225, -73.9826608125)",era5,23.61,-5.00,30.95,15.08,1.41,101089.15,0.00
2022-08-11 20:00:00,"(40.76872225, -73.9826608125)",era5,23.61,-5.00,31.42,15.32,1.36,101051.90,0.00
2022-08-11 21:00:00,"(40.76872225, -73.9826608125)",era5,23.61,-5.00,31.75,15.66,1.62,100976.45,0.00
2022-08-11 22:00:00,"(40.76872225, -73.9826608125)",era5,23.61,-5.00,31.05,15.96,1.92,101031.01,0.00
2022-08-11 23:00:00,"(40.76872225, -73.9826608125)",era5,23.61,-5.00,30.45,15.72,2.40,101026.84,0.00
2022-08-12 00:00:00,"(40.76872225, -73.9826608125)",era5,23.61,-5.00,29.21,18.21,2.02,101070.54,0.00
2022-08-12 01:00:00,"(40.76872225, -73.9826608125)",era5,23.61,-5.00,28.08,19.91,0.96,101113.38,0.00
2022-08-12 02:00:00,"(40.76872225, -73.9826608125)",era5,23.61,-5.00,27.69,20.25,0.75,101201.07,0.00
2022-08-12 03:00:00,"(40.76872225, -73.9826608125)",era5,23.61,-5.00,26.69,17.68,2.59,101224.93,0.00
2022-08-12 04:00:00,"(40.76872225, -73.9826608125)",era5,23.61,-5.00,25.84,16.50,3.99,101264.84,0.00
2022-08-12 05:00:00,"(40.76872225, -73.9826608125)",era5,23.61,-5.00,24.97,16.03,4.35,101287.13,0.00
2022-08-12 06:00:00,"(40.76872225, -73.9826608125)",era5,23.61,-5.00,24.39,16.02,4.58,101308.36,0.00
2022-08-12 07:00:00,"(40.76872225, -73.9826608125)",era5,23.61,-5.00,23.94,15.95,4.60,101310.16,0.00
2022-08-12 08:00:00,"(40.76872225, -73.9826608125)",era5,23.61,-5.00,23.12,16.52,4.23,101349.95,0.00
2022-08-12 09:00:00,"(40.76872225, -73.9826608125)",era5,23.61,-5.00,22.66,16.34,4.12,101362.86,0.00
2022-08-12 10:00:00,"(40.76872225, -73.9826608125)",era5,23.61,-5.00,22.31,16.11,3.93,101416.96,0.00
2022-08-12 11:00:00,"(40.76872225, -73.9826608125)",era5,23.61,-5.00,22.07,15.77,4.21,101513.23,0.00
2022-08-12 12:00:00,"(40.76872225, -73.9826608125)",era5,23.61,-5.00,22.44,15.92,4.74,101553.15,0.00
2022-08-12 13:00:00,"(40.76872225, -73.9826608125)",era5,23.61,-5.00,22.95,15.50,4.77,101595.99,0.00
2022-08-12 14:00:00,"(40.76872225, -73.9826608125)",era5,23.61,-5.00,23.77,14.43,4.54,101606.36,0.00
2022-08-12 15:00:00,"(40.76872225, -73.9826608125)",era5,23.61,-5.00,25.96,13.05,4.11,101596.41,0.00
2022-08-12 16:00:00,"(40.76872225, -73.9826608125)",era5,23.61,-5.00,26.41,12.49,3.56,101587.45,0.00
2022-08-12 17:00:00,"(40.76872225, -73.9826608125)",era5,23.61,-5.00,27.31,11.59,3.10,101555.83,0.00
2022-08-12 18:00:00,"(40.76872225, -73.9826608125)",era5,23.61,-5.00,27.68,11.09,2.80,101500.54,0.00
2022-08-12 19:00:00,"(40.76872225, -73.9826608125)",era5,23.61,-5.00,28.10,10.73,2.69,101453.64,0.00
2022-08-12 20:00:00,"(40.76872225, -73.9826608125)",era5,23.61,-5.00,28.65,10.31,2.79,101459.73,0.00
2022-08-12 21:00:00,"(40.76872225, -73.9826608125)",era5,23.61,-5.00,28.86,9.86,2.91,101410.91,0.00
2022-08-12 22:00:00,"(40.76872225, -73.9826608125)",era5,23.61,-5.00,28.22,8.11,2.21,101458.36,0.00
2022-08-12 23:00:00,"(40.76872225, -73.9826608125)",era5,23.61,-5.00,28.02,7.37,1.84,101508.97,0.00
2022-08-13 00:00:00,"(40.76872225, -73.9826608125)",era5,23.61,-5.00,26.72,9.49,1.60,101568.27,0.00
2022-08-13 01:00:00,"(40.76872225, -73.9826608125)",era5,23.61,-5.00,25.38,10.34,1.59,101645.09,0.00
2022-08-13 02:00:00,"(40.76872225, -73.9826608125)",era5,23.61,-5.00,24.14,9.91,2.73,101714.36,0.00
2022-08-13 03:00:00,"(40.76872225, -73.9826608125)",era5,23.61,-5.00,22.43,10.17,4.23,101718.80,0.00
2022-08-13 04:00:00,"(40.76872225, -73.9826608125)",era5,23.61,-5.00,21.66,10.29,4.59,101762.75,0.00
2022-08-13 05:00:00,"(40.76872225, -73.9826608125)",era5,23.61,-5.00,20.84,10.47,4.28,101789.32,0.00
2022-08-13 06:00:00,"(40.76872225, -73.9826608125)",era5,23.61,-5.00,20.65,11.19,3.90,101771.83,0.00
2022-08-13 07:00:00,"(40.76872225, -73.9826608125)",era5,23.61,-5.00,20.11,11.80,3.85,101776.12,0.00
2022-08-13 08:00:00,"(40.76872225, -73.9826608125)",era5,23.61,-5.00,19.39,12.07,3.65,101816.35,0.00
2022-08-13 09:00:00,"(40.76872225, -73.9826608125)",era5,23.61,-5.00,18.52,12.26,3.42,101850.74,0.00
2022-08-13 10:00:00,"(40.76872225, -73.9826608125)",era5,23.61,-5.00,18.19,12.49,3.49,101902.54,0.00
2022-08-13 11:00:00,"(40.76872225, -73.9826608125)",era5,23.61,-5.00,18.15,12.02,3.63,101957.50,0.00
2022-08-13 12:00:00,"(40.76872225, -73.9826608125)",era5,23.61,-5.00,19.69,12.39,3.93,101965.39,0.00
2022-08-13 13:00:00,"(40.76872225, -73.9826608125)",era5,23.61,-5.00,20.55,12.17,4.12,101953.55,0.00
2022-08-13 14:00:00,"(40.76872225, -73.9826608125)",era5,23.61,-5.00,21.52,11.67,3.85,101954.70,0.00
2022-08-13 15:00:00,"(40.76872225, -73.9826608125)",era5,23.61,-5.00,23.46,11.18,3.25,101939.63,0.00
2022-08-13 16:00:00,"(40.76872225, -73.9826608125)",era5,23.61,-5.00,23.88,10.42,3.17,101938.89,0.00
2022-08-13 17:00:00,"(40.76872225, -73.9826608125)",era5,23.61,-5.00,24.86,10.34,3.33,101911.67,0.00
2022-08-13 18:00:00,"(40.76872225, -73.9826608125)",era5,23.61,-5.00,25.59,10.37,3.56,101843.99,0.00
2022-08-13 19:00:00,"(40.76872225, -73.9826608125)",era5,23.61,-5.00,26.11,10.02,3.57,101807.32,0.00
2022-08-13 20:00:00,"(40.76872225, -73.9826608125)",era5,23.61,-5.00,26.53,10.08,3.48,101768.84,0.00
2022-08-13 21:00:00,"(40.76872225, -73.9826608125)",era5,23.61,-5.00,26.67,10.44,3.28,101718.71,0.00
2022-08-13 22:00:00,"(40.76872225, -73.9826608125)",era5,23.61,-5.00,25.73,10.65,2.39,101717.48,0.00
2022-08-13 23:00:00,"(40.76872225, -73.9826608125)",era5,23.61,-5.00,25.34,9.96,1.98,101739.85,0.00
2022-08-14 00:00:00,"(40.76872225, -73.9826608125)",era5,23.61,-5.00,24.19,10.61,1.67,101784.73,0.00
2022-08-14 01:00:00,"(40.76872225, -73.9826608125)",era5,23.61,-5.00,22.91,12.42,1.58,101842.75,0.00
2022-08-14 02:00:00,"(40.76872225, -73.9826608125)",era5,23.61,-5.00,22.01,14.42,1.80,101861.80,0.00
2022-08-14 03:00:00,"(40.76872225, -73.9826608125)",era5,23.61,-5.00,20.59,15.16,2.06,101846.28,0.00
2022-08-14 04:00:00,"(40.76872225, -73.9826608125)",era5,23.61,-5.00,20.34,15.29,2.30,101848.91,0.00
2022-08-14 05:00:00,"(40.76872225, -73.9826608125)",era5,23.61,-5.00,20.03,15.00,2.55,101851.88,0.00
2022-08-14 06:00:00,"(40.76872225, -73.9826608125)",era5,23.61,-5.00,19.86,14.71,2.50,101846.57,0.00
2022-08-14 07:00:00,"(40.76872225, -73.9826608125)",era5,23.61,-5.00,19.64,14.39,2.26,101824.18,0.00
2022-08-14 08:00:00,"(40.76872225, -73.9826608125)",era5,23.61,-5.00,19.12,14.29,1.52,101831.48,0.00
2022-08-14 09:00:00,"(40.76872225, -73.9826608125)",era5,23.61,-5.00,19.11,14.89,1.30,101813.41,0.00
2022-08-14 10:00:00,"(40.76872225, -73.9826608125)",era5,23.61,-5.00,18.67,14.68,0.98,101836.78,0.00
2022-08-14 11:00:00,"(40.76872225, -73.9826608125)",era5,23.61,-5.00,18.54,14.78,0.52,101851.88,0.00
2022-08-14 12:00:00,"(40.76872225, -73.9826608125)",era5,23.61,-5.00,20.20,15.30,0.45,101858.12,0.00
2022-08-14 13:00:00,"(40.76872225, -73.9826608125)",era5,23.61,-5.00,21.37,14.57,0.52,101845.02,0.00
2022-08-14 14:00:00,"(40.76872225, -73.9826608125)",era5,23.61,-5.00,22.78,14.00,1.38,101826.83,0.00
2022-08-14 15:00:00,"(40.76872225, -73.9826608125)",era5,23.61,-5.00,24.81,13.41,2.40,101793.92,0.00
2022-08-14 16:00:00,"(40.76872225, -73.9826608125)",era5,23.61,-5.00,25.57,13.24,2.58,101772.51,0.00
2022-08-14 17:00:00,"(40.76872225, -73.9826608125)",era5,23.61,-5.00,25.96,13.11,2.39,101723.16,0.00
2022-08-14 18:00:00,"(40.76872225, -73.9826608125)",era5,23.61,-5.00,26.24,13.29,2.43,101671.71,0.00
2022-08-14 19:00:00,"(40.76872225, -73.9826608125)",era5,23.61,-5.00,26.53,12.80,2.80,101662.32,0.00
2022-08-14 20:00:00,"(40.76872225, -73.9826608125)",era5,23.61,-5.00,26.67,13.02,3.55,101613.45,0.00
2022-08-14 21:00:00,"(40.76872225, -73.9826608125)",era5,23.61,-5.00,26.51,14.00,4.33,101617.04,0.00
2022-08-14 22:00:00,"(40.76872225, -73.9826608125)",era5,23.61,-5.00,25.44,14.41,4.00,101588.72,0.00
2022-08-14 23:00:00,"(40.76872225, -73.9826608125)",era5,23.61,-5.00,25.10,13.87,3.71,101583.09,0.00
2022-08-15 00:00:00,"(40.76872225, -73.9826608125)",era5,23.61,-5.00,24.13,14.41,3.64,101619.02,0.00
2022-08-15 01:00:00,"(40.76872225, -73.9826608125)",era5,23.61,-5.00,23.30,14.27,3.60,101627.98,0.00
2022-08-15 02:00:00,"(40.76872225, -73.9826608125)",era5,23.61,-5.00,22.79,14.41,3.65,101669.92,0.00
2022-08-15 03:00:00,"(40.76872225, -73.9826608125)",era5,23.61,-5.00,21.83,14.65,3.41,101666.52,0.00
2022-08-15 04:00:00,"(40.76872225, -73.9826608125)",era5,23.61,-5.00,21.43,14.78,3.04,101689.18,0.00
2022-08-15 05:00:00,"(40.76872225, -73.9826608125)",era5,23.61,-5.00,20.69,14.74,2.40,101683.99,0.00
2022-08-15 06:00:00,"(40.76872225, -73.9826608125)",era5,23.61,-5.00,20.71,14.96,1.69,101652.74,0.00
2022-08-15 07:00:00,"(40.76872225, -73.9826608125)",era5,23.61,-5.00,20.41,14.93,1.31,101630.22,0.00
2022-08-15 08:00:00,"(40.76872225, -73.9826608125)",era5,23.61,-5.00,20.29,14.91,1.28,101625.22,0.00
2022-08-15 09:00:00,"(40.76872225, -73.9826608125)",era5,23.61,-5.00,19.66,15.26,1.14,101590.26,0.00
2022-08-15 10:00:00,"(40.76872225, -73.9826608125)",era5,23.61,-5.00,19.94,15.22,1.06,101589.23,0.00
2022-08-15 11:00:00,"(40.76872225, -73.9826608125)",era5,23.61,-5.00,19.63,14.76,1.59,101590.23,0.00
2022-08-15 12:00:00,"(40.76872225, -73.9826608125)",era5,23.61,-5.00,21.13,15.39,1.26,101580.16,0.00
2022-08-15 13:00:00,"(40.76872225, -73.9826608125)",era5,23.61,-5.00,22.25,14.70,0.95,101561.59,0.00
2022-08-15 14:00:00,"(40.76872225, -73.9826608125)",era5,23.61,-5.00,23.39,15.17,0.79,101572.12,0.00
2022-08-15 15:00:00,"(40.76872225, -73.9826608125)",era5,23.61,-5.00,25.56,14.98,1.55,101563.73,0.00
2022-08-15 16:00:00,"(40.76872225, -73.9826608125)",era5,23.61,-5.00,26.17,14.61,2.16,101516.24,0.00
2022-08-15 17:00:00,"(40.76872225, -73.9826608125)",era5,23.61,-5.00,26.27,14.52,2.79,101512.06,0.00
2022-08-15 18:00:00,"(40.76872225, -73.9826608125)",era5,23.61,-5.00,26.00,14.62,3.16,101500.73,0.00
2022-08-15 19:00:00,"(40.76872225, -73.9826608125)",era5,23.61,-5.00,26.03,14.89,3.30,101482.95,0.20
2022-08-15 20:00:00,"(40.76872225, -73.9826608125)",era5,23.61,-5.00,26.06,14.53,3.33,101465.76,0.01
2022-08-15 21:00:00,"(40.76872225, -73.9826608125)",era5,23.61,-5.00,26.08,14.59,3.10,101445.27,0.00
2022-08-15 22:00:00,"(40.76872225, -73.9826608125)",era5,23.61,-5.00,25.01,14.43,2.93,101438.38,0.00
2022-08-15 23:00:00,"(40.76872225, -73.9826608125)",era5,23.61,-5.00,24.62,14.48,2.41,101459.52,0.00
2022-08-16 00:00:00,"(40.76872225, -73.9826608125)",era5,23.61,-5.00,23.61,14.96,1.78,101508.55,0.00
2022-08-16 01:00:00,"(40.76872225, -73.9826608125)",era5,23.61,-5.00,22.90,15.24,1.66,101527.23,0.00
2022-08-16 02:00:00,"(40.76872225, -73.9826608125)",era5,23.61,-5.00,22.31,15.52,1.50,101587.76,0.00
2022-08-16 03:00:00,"(40.76872225, -73.9826608125)",era5,23.61,-5.00,21.38,15.77,0.98,101596.86,0.00
2022-08-16 04:00:00,"(40.76872225, -73.9826608125)",era5,23.61,-5.00,20.77,16.14,1.32,101612.74,0.00
2022-08-16 05:00:00,"(40.76872225, -73.9826608125)",era5,23.61,-5.00,20.35,16.42,1.44,101602.44,0.00
2022-08-16 06:00:00,"(40.76872225, -73.9826608125)",era5,23.61,-5.00,20.32,16.61,1.85,101569.71,0.00
2022-08-16 07:00:00,"(40.76872225, -73.9826608125)",era5,23.61,-5.00,19.86,16.60,2.58,101533.70,0.00
2022-08-16 08:00:00,"(40.76872225, -73.9826608125)",era5,23.61,-5.00,19.31,16.66,2.76,101541.71,0.00
2022-08-16 09:00:00,"(40.76872225, -73.9826608125)",era5,23.61,-5.00,18.83,16.70,2.79,101534.38,0.00
2022-08-16 10:00:00,"(40.76872225, -73.9826608125)",era5,23.61,-5.00,19.07,16.52,2.02,101575.05,0.00
2022-08-16 11:00:00,"(40.76872225, -73.9826608125)",era5,23.61,-5.00,19.03,16.25,2.06,101614.52,0.00
2022-08-16 12:00:00,"(40.76872225, -73.9826608125)",era5,23.61,-5.00,20.29,15.87,2.10,101670.45,0.00
2022-08-16 13:00:00,"(40.76872225, -73.9826608125)",era5,23.61,-5.00,21.38,15.35,2.82,101668.20,0.00
2022-08-16 14:00:00,"(40.76872225, -73.9826608125)",era5,23.61,-5.00,22.65,14.41,3.85,101666.90,0.00
2022-08-16 15:00:00,"(40.76872225, -73.9826608125)",era5,23.61,-5.00,25.02,13.63,4.52,101677.52,0.00
2022-08-16 16:00:00,"(40.76872225, -73.9826608125)",era5,23.61,-5.00,25.61,13.50,4.75,101644.27,0.00
2022-08-16 17:00:00,"(40.76872225, -73.9826608125)",era5,23.61,-5.00,26.40,13.46,4.69,101625.07,0.00
2022-08-16 18:00:00,"(40.76872225, -73.9826608125)",era5,23.61,-5.00,26.56,13.19,4.37,101576.43,0.00
2022-08-16 19:00:00,"(40.76872225, -73.9826608125)",era5,23.61,-5.00,26.72,13.30,4.05,101533.35,0.00
2022-08-16 20:00:00,"(40.76872225, -73.9826608125)",era5,23.61,-5.00,26.81,13.66,4.01,101521.58,0.00
2022-08-16 21:00:00,"(40.76872225, -73.9826608125)",era5,23.61,-5.00,26.54,14.55,4.08,101481.19,0.00
2022-08-16 22:00:00,"(40.76872225, -73.9826608125)",era5,23.61,-5.00,26.11,14.43,2.30,101488.30,0.00
2022-08-16 23:00:00,"(40.76872225, -73.9826608125)",era5,23.61,-5.00,25.34,15.44,2.24,101507.50,0.00
2022-08-17 00:00:00,"(40.76872225, -73.9826608125)",era5,23.61,-5.00,24.29,16.30,1.88,101520.81,0.00
2022-08-17 01:00:00,"(40.76872225, -73.9826608125)",era5,23.61,-5.00,23.31,16.87,1.61,101554.98,0.00
2022-08-17 02:00:00,"(40.76872225, -73.9826608125)",era5,23.61,-5.00,22.79,17.24,1.45,101611.86,0.00
2022-08-17 03:00:00,"(40.76872225, -73.9826608125)",era5,23.61,-5.00,21.99,17.33,1.40,101605.90,0.00
2022-08-17 04:00:00,"(40.76872225, -73.9826608125)",era5,23.61,-5.00,21.73,17.35,1.02,101643.77,0.00
2022-08-17 05:00:00,"(40.76872225, -73.9826608125)",era5,23.61,-5.00,21.30,17.55,1.44,101624.47,0.00
2022-08-17 06:00:00,"(40.76872225, -73.9826608125)",era5,23.61,-5.00,21.26,17.37,1.90,101597.12,0.00
2022-08-17 07:00:00,"(40.76872225, -73.9826608125)",era5,23.61,-5.00,20.84,17.15,1.71,101608.22,0.00
2022-08-17 08:00:00,"(40.76872225, -73.9826608125)",era5,23.61,-5.00,20.18,16.71,1.30,101623.35,0.00
2022-08-17 09:00:00,"(40.76872225, -73.9826608125)",era5,23.61,-5.00,19.92,16.37,1.36,101601.89,0.00
2022-08-17 10:00:00,"(40.76872225, -73.9826608125)",era5,23.61,-5.00,19.66,16.24,1.20,101628.83,0.00
2022-08-17 11:00:00,"(40.76872225, -73.9826608125)",era5,23.61,-5.00,19.47,16.06,1.66,101673.20,0.00
2022-08-17 12:00:00,"(40.76872225, -73.9826608125)",era5,23.61,-5.00,21.03,15.60,1.66,101692.88,0.00
2022-08-17 13:00:00,"(40.76872225, -73.9826608125)",era5,23.61,-5.00,22.00,15.12,1.55,101691.32,0.00
2022-08-17 14:00:00,"(40.76872225, -73.9826608125)",era5,23.61,-5.00,22.70,14.88,1.78,101691.91,0.00
2022-08-17 15:00:00,"(40.76872225, -73.9826608125)",era5,23.61,-5.00,24.04,14.41,2.26,101666.12,0.01
2022-08-17 16:00:00,"(40.76872225, -73.9826608125)",era5,23.61,-5.00,24.64,14.65,2.36,101620.71,0.00
2022-08-17 17:00:00,"(40.76872225, -73.9826608125)",era5,23.61,-5.00,25.60,14.46,2.26,101568.77,0.00
2022-08-17 18:00:00,"(40.76872225, -73.9826608125)",era5,23.61,-5.00,25.90,14.33,2.08,101508.48,0.00
2022-08-17 19:00:00,"(40.76872225, -73.9826608125)",era5,23.61,-5.00,25.70,14.24,1.90,101440.52,0.00
2022-08-17 20:00:00,"(40.76872225, -73.9826608125)",era5,23.61,-5.00,25.50,14.46,1.83,101406.45,0.00
2022-08-17 21:00:00,"(40.76872225, -73.9826608125)",era5,23.61,-5.00,25.14,14.59,1.97,101340.47,0.00
2022-08-17 22:00:00,"(40.76872225, -73.9826608125)",era5,23.61,-5.00,25.52,13.11,0.75,101312.72,0.00
2022-08-17 23:00:00,"(40.76872225, -73.9826608125)",era5,23.61,-5.00,25.23,12.37,0.74,101325.90,0.00
2022-08-18 00:00:00,"(40.76872225, -73.9826608125)",era5,23.61,-5.00,24.44,13.62,2.03,101395.85,0.00
2022-08-18 01:00:00,"(40.76872225, -73.9826608125)",era5,23.61,-5.00,23.58,15.27,2.58,101428.36,0.02
2022-08-18 02:00:00,"(40.76872225, -73.9826608125)",era5,23.61,-5.00,22.13,15.81,2.32,101462.12,0.18
2022-08-18 03:00:00,"(40.76872225, -73.9826608125)",era5,23.61,-5.00,21.01,15.61,1.80,101395.15,0.00
2022-08-18 04:00:00,"(40.76872225, -73.9826608125)",era5,23.61,-5.00,21.16,15.77,1.12,101340.78,0.00
2022-08-18 05:00:00,"(40.76872225, -73.9826608125)",era5,23.61,-5.00,20.67,15.64,1.45,101319.29,0.00
2022-08-18 06:00:00,"(40.76872225, -73.9826608125)",era5,23.61,-5.00,20.35,15.92,1.63,101282.10,0.00
2022-08-18 07:00:00,"(40.76872225, -73.9826608125)",era5,23.61,-5.00,20.16,15.90,1.64,101269.02,0.00
2022-08-18 08:00:00,"(40.76872225, -73.9826608125)",era5,23.61,-5.00,20.03,15.78,1.92,101285.20,0.00
2022-08-18 09:00:00,"(40.76872225, -73.9826608125)",era5,23.61,-5.00,19.76,15.78,2.38,101244.28,0.00
2022-08-18 10:00:00,"(40.76872225, -73.9826608125)",era5,23.61,-5.00,19.28,15.74,2.63,101279.49,0.00
2022-08-18 11:00:00,"(40.76872225, -73.9826608125)",era5,23.61,-5.00,19.05,15.33,3.13,101332.95,0.00
2022-08-18 12:00:00,"(40.76872225, -73.9826608125)",era5,23.61,-5.00,20.67,15.07,3.08,101352.08,0.00
2022-08-18 13:00:00,"(40.76872225, -73.9826608125)",era5,23.61,-5.00,22.01,14.60,2.85,101328.31,0.00
2022-08-18 14:00:00,"(40.76872225, -73.9826608125)",era5,23.61,-5.00,23.70,14.58,2.69,101287.84,0.00
2022-08-18 15:00:00,"(40.76872225, -73.9826608125)",era5,23.61,-5.00,26.24,14.17,2.73,101252.45,0.00
2022-08-18 16:00:00,"(40.76872225, -73.9826608125)",era5,23.61,-5.00,27.14,13.92,2.60,101208.68,0.00
2022-08-18 17:00:00,"(40.76872225, -73.9826608125)",era5,23.61,-5.00,28.14,13.67,2.56,101187.93,0.00
2022-08-18 18:00:00,"(40.76872225, -73.9826608125)",era5,23.61,-5.00,28.89,13.07,3.10,101156.14,0.00
2022-08-18 19:00:00,"(40.76872225, -73.9826608125)",era5,23.61,-5.00,29.15,13.20,3.41,101109.83,0.00
2022-08-18 20:00:00,"(40.76872225, -73.9826608125)",era5,23.61,-5.00,28.82,13.26,3.52,101102.33,0.00
2022-08-18 21:00:00,"(40.76872225, -73.9826608125)",era5,23.61,-5.00,28.09,13.34,2.99,101107.52,0.00
2022-08-18 22:00:00,"(40.76872225, -73.9826608125)",era5,23.61,-5.00,27.06,14.04,2.24,101177.88,0.00
2022-08-18 23:00:00,"(40.76872225, -73.9826608125)",era5,23.61,-5.00,27.35,13.77,2.14,101212.10,0.00
2022-08-19 00:00:00,"(40.76872225, -73.9826608125)",era5,23.61,-5.00,26.46,14.38,1.10,101266.68,0.00
2022-08-19 01:00:00,"(40.76872225, -73.9826608125)",era5,23.61,-5.00,25.67,14.78,1.09,101306.60,0.00
2022-08-19 02:00:00,"(40.76872225, -73.9826608125)",era5,23.61,-5.00,24.29,16.48,1.20,101384.00,0.00
2022-08-19 03:00:00,"(40.76872225, -73.9826608125)",era5,23.61,-5.00,23.02,17.15,1.45,101413.12,0.00
2022-08-19 04:00:00,"(40.76872225, -73.9826608125)",era5,23.61,-5.00,22.63,17.27,2.06,101456.97,0.00
2022-08-19 05:00:00,"(40.76872225, -73.9826608125)",era5,23.61,-5.00,22.54,17.13,2.02,101501.12,0.00
2022-08-19 06:00:00,"(40.76872225, -73.9826608125)",era5,23.61,-5.00,22.09,16.87,2.18,101505.12,0.00
2022-08-19 07:00:00,"(40.76872225, -73.9826608125)",era5,23.61,-5.00,21.93,16.57,2.24,101551.09,0.00
2022-08-19 08:00:00,"(40.76872225, -73.9826608125)",era5,23.61,-5.00,21.60,16.50,2.08,101573.02,0.00
2022-08-19 09:00:00,"(40.76872225, -73.9826608125)",era5,23.61,-5.00,20.90,16.41,1.89,101616.81,0.00
2022-08-19 10:00:00,"(40.76872225, -73.9826608125)",era5,23.61,-5.00,20.38,16.15,1.52,101640.89,0.00
2022-08-19 11:00:00,"(40.76872225, -73.9826608125)",era5,23.61,-5.00,20.08,16.30,1.78,101706.51,0.00
2022-08-19 12:00:00,"(40.76872225, -73.9826608125)",era5,23.61,-5.00,21.82,16.75,1.14,101776.26,0.00
2022-08-19 13:00:00,"(40.76872225, -73.9826608125)",era5,23.61,-5.00,23.48,17.23,1.15,101820.43,0.00
2022-08-19 14:00:00,"(40.76872225, -73.9826608125)",era5,23.61,-5.00,25.19,17.31,1.17,101829.23,0.00
2022-08-19 15:00:00,"(40.76872225, -73.9826608125)",era5,23.61,-5.00,27.63,16.78,1.52,101822.18,0.00
2022-08-19 16:00:00,"(40.76872225, -73.9826608125)",era5,23.61,-5.00,28.93,16.01,1.80,101797.62,0.00
2022-08-19 17:00:00,"(40.76872225, -73.9826608125)",era5,23.61,-5.00,29.41,15.80,1.78,101743.42,0.00
2022-08-19 18:00:00,"(40.76872225, -73.9826608125)",era5,23.61,-5.00,29.71,15.06,2.33,101710.48,0.00
2022-08-19 19:00:00,"(40.76872225, -73.9826608125)",era5,23.61,-5.00,29.95,15.33,2.60,101698.91,0.00
2022-08-19 20:00:00,"(40.76872225, -73.9826608125)",era5,23.61,-5.00,29.88,15.53,2.86,101684.65,0.00
2022-08-19 21:00:00,"(40.76872225, -73.9826608125)",era5,23.61,-5.00,29.96,15.22,3.07,101681.70,0.00
2022-08-19 22:00:00,"(40.76872225, -73.9826608125)",era5,23.61,-5.00,29.08,16.34,4.30,101714.57,0.00
2022-08-19 23:00:00,"(40.76872225, -73.9826608125)",era5,23.61,-5.00,28.65,16.36,3.98,101727.70,0.00
2022-08-20 00:00:00,"(40.76872225, -73.9826608125)",era5,23.61,-5.00,27.58,17.27,3.69,101775.84,0.00
2022-08-20 01:00:00,"(40.76872225, -73.9826608125)",era5,23.61,-5.00,26.93,17.45,3.70,101794.14,0.00
2022-08-20 02:00:00,"(40.76872225, -73.9826608125)",era5,23.61,-5.00,26.61,17.67,3.88,101864.59,0.00
2022-08-20 03:00:00,"(40.76872225, -73.9826608125)",era5,23.61,-5.00,25.79,18.03,3.93,101891.77,0.00
2022-08-20 04:00:00,"(40.76872225, -73.9826608125)",era5,23.61,-5.00,25.32,18.31,3.45,101949.87,0.00
2022-08-20 05:00:00,"(40.76872225, -73.9826608125)",era5,23.61,-5.00,24.81,18.66,2.72,101967.88,0.00
2022-08-20 06:00:00,"(40.76872225, -73.9826608125)",era5,23.61,-5.00,24.84,18.88,2.13,101985.54,0.00
2022-08-20 07:00:00,"(40.76872225, -73.9826608125)",era5,23.61,-5.00,24.29,18.77,1.70,101995.83,0.00
2022-08-20 08:00:00,"(40.76872225, -73.9826608125)",era5,23.61,-5.00,23.93,18.95,1.51,102027.91,0.00
2022-08-20 09:00:00,"(40.76872225, -73.9826608125)",era5,23.61,-5.00,23.41,19.19,1.60,102011.91,0.00
2022-08-20 10:00:00,"(40.76872225, -73.9826608125)",era5,23.61,-5.00,22.86,19.15,1.27,102038.92,0.00
2022-08-20 11:00:00,"(40.76872225, -73.9826608125)",era5,23.61,-5.00,22.44,19.14,1.18,102065.88,0.00
2022-08-20 12:00:00,"(40.76872225, -73.9826608125)",era5,23.61,-5.00,23.07,19.73,0.54,102099.38,0.00
2022-08-20 13:00:00,"(40.76872225, -73.9826608125)",era5,23.61,-5.00,23.92,20.36,0.56,102120.23,0.00
2022-08-20 14:00:00,"(40.76872225, -73.9826608125)",era5,23.61,-5.00,25.62,20.73,1.05,102139.79,0.00
2022-08-20 15:00:00,"(40.76872225, -73.9826608125)",era5,23.61,-5.00,28.13,20.22,1.58,102129.81,0.01
2022-08-20 16:00:00,"(40.76872225, -73.9826608125)",era5,23.61,-5.00,28.83,19.76,2.27,102111.10,0.01
2022-08-20 17:00:00,"(40.76872225, -73.9826608125)",era5,23.61,-5.00,29.84,19.14,2.78,102065.03,0.01
2022-08-20 18:00:00,"(40.76872225, -73.9826608125)",era5,23.61,-5.00,30.23,18.12,3.14,102018.16,0.01
2022-08-20 19:00:00,"(40.76872225, -73.9826608125)",era5,23.61,-5.00,30.39,17.24,3.52,101986.97,0.02
2022-08-20 20:00:00,"(40.76872225, -73.9826608125)",era5,23.61,-5.00,30.47,17.34,3.63,102016.07,1.14
2022-08-20 21:00:00,"(40.76872225, -73.9826608125)",era5,23.61,-5.00,30.21,17.84,4.00,101938.33,0.02
2022-08-20 22:00:00,"(40.76872225, -73.9826608125)",era5,23.61,-5.00,28.69,18.43,4.05,101969.88,0.00
2022-08-20 23:00:00,"(40.76872225, -73.9826608125)",era5,23.61,-5.00,27.72,18.67,4.03,101981.43,0.00
2022-08-21 00:00:00,"(40.76872225, -73.9826608125)",era5,23.61,-5.00,26.62,18.93,3.58,102003.22,0.00
2022-08-21 01:00:00,"(40.76872225, -73.9826608125)",era5,23.61,-5.00,26.12,18.88,3.26,102028.84,0.00
2022-08-21 02:00:00,"(40.76872225, -73.9826608125)",era5,23.61,-5.00,25.41,18.96,2.87,102065.30,0.00
2022-08-21 03:00:00,"(40.76872225, -73.9826608125)",era5,23.61,-5.00,24.09,19.06,2.49,102052.12,0.00
2022-08-21 04:00:00,"(40.76872225, -73.9826608125)",era5,23.61,-5.00,23.71,19.13,2.27,102038.18,0.00
2022-08-21 05:00:00,"(40.76872225, -73.9826608125)",era5,23.61,-5.00,22.94,19.35,1.97,102014.66,0.00
2022-08-21 06:00:00,"(40.76872225, -73.9826608125)",era5,23.61,-5.00,22.71,19.71,2.04,102007.71,0.00
2022-08-21 07:00:00,"(40.76872225, -73.9826608125)",era5,23.61,-5.00,22.34,19.79,2.15,101995.31,0.00
2022-08-21 08:00:00,"(40.76872225, -73.9826608125)",era5,23.61,-5.00,22.02,20.05,1.98,102025.42,0.00
2022-08-21 09:00:00,"(40.76872225, -73.9826608125)",era5,23.61,-5.00,21.60,20.31,1.92,102038.80,0.00
2022-08-21 10:00:00,"(40.76872225, -73.9826608125)",era5,23.61,-5.00,21.89,20.33,1.00,102072.69,0.00
2022-08-21 11:00:00,"(40.76872225, -73.9826608125)",era5,23.61,-5.00,21.83,20.20,1.49,102094.89,0.01
2022-08-21 12:00:00,"(40.76872225, -73.9826608125)",era5,23.61,-5.00,22.54,20.48,1.39,102118.53,0.00
2022-08-21 13:00:00,"(40.76872225, -73.9826608125)",era5,23.61,-5.00,23.20,20.70,1.27,102062.31,0.00
2022-08-21 14:00:00,"(40.76872225, -73.9826608125)",era5,23.61,-5.00,24.92,20.77,2.02,102042.27,0.00
2022-08-21 15:00:00,"(40.76872225, -73.9826608125)",era5,23.61,-5.00,26.57,20.02,2.77,102040.41,0.00
2022-08-21 16:00:00,"(40.76872225, -73.9826608125)",era5,23.61,-5.00,26.70,19.78,3.26,102008.32,0.00
2022-08-21 17:00:00,"(40.76872225, -73.9826608125)",era5,23.61,-5.00,26.48,19.78,3.57,102000.16,0.00
2022-08-21 18:00:00,"(40.76872225, -73.9826608125)",era5,23.61,-5.00,26.68,19.94,3.62,101935.17,0.00
2022-08-21 19:00:00,"(40.76872225, -73.9826608125)",era5,23.61,-5.00,26.68,19.58,4.00,101854.43,0.01
2022-08-21 20:00:00,"(40.76872225, -73.9826608125)",era5,23.61,-5.00,26.48,19.45,4.02,101851.64,0.01
2022-08-21 21:00:00,"(40.76872225, -73.9826608125)",era5,23.61,-5.00,25.77,19.43,4.10,101784.05,0.01
2022-08-21 22:00:00,"(40.76872225, -73.9826608125)",era5,23.61,-5.00,25.30,19.94,2.95,101748.09,0.00
2022-08-21 23:00:00,"(40.76872225, -73.9826608125)",era5,23.61,-5.00,24.93,19.85,3.25,101681.06,0.00
2022-08-22 00:00:00,"(40.76872225, -73.9826608125)",era5,23.61,-5.00,24.34,20.29,2.99,101704.23,0.00
2022-08-22 01:00:00,"(40.76872225, -73.9826608125)",era5,23.61,-5.00,24.12,20.61,2.75,101713.75,0.00
2022-08-22 02:00:00,"(40.76872225, -73.9826608125)",era5,23.61,-5.00,23.94,20.81,2.50,101720.15,0.00
2022-08-22 03:00:00,"(40.76872225, -73.9826608125)",era5,23.61,-5.00,23.63,21.06,2.64,101675.31,0.00
2022-08-22 04:00:00,"(40.76872225, -73.9826608125)",era5,23.61,-5.00,23.56,21.11,2.89,101672.12,0.04
2022-08-22 05:00:00,"(40.76872225, -73.9826608125)",era5,23.61,-5.00,23.27,21.16,2.84,101624.22,0.15
2022-08-22 06:00:00,"(40.76872225, -73.9826608125)",era5,23.61,-5.00,23.32,21.19,2.52,101588.52,0.19
2022-08-22 07:00:00,"(40.76872225, -73.9826608125)",era5,23.61,-5.00,23.23,21.29,2.29,101564.10,0.53
2022-08-22 08:00:00,"(40.76872225, -73.9826608125)",era5,23.61,-5.00,22.93,21.37,1.85,101540.80,0.68
2022-08-22 09:00:00,"(40.76872225, -73.9826608125)",era5,23.61,-5.00,23.00,21.45,1.75,101446.09,0.60
2022-08-22 10:00:00,"(40.76872225, -73.9826608125)",era5,23.61,-5.00,23.06,21.43,1.81,101393.18,0.49
2022-08-22 11:00:00,"(40.76872225, -73.9826608125)",era5,23.61,-5.00,23.04,21.58,1.62,101403.34,0.32
2022-08-22 12:00:00,"(40.76872225, -73.9826608125)",era5,23.61,-5.00,23.36,21.74,2.07,101457.81,0.31
2022-08-22 13:00:00,"(40.76872225, -73.9826608125)",era5,23.61,-5.00,23.61,21.80,2.24,101411.41,0.55
2022-08-22 14:00:00,"(40.76872225, -73.9826608125)",era5,23.61,-5.00,24.33,21.74,2.53,101397.73,1.23
2022-08-22 15:00:00,"(40.76872225, -73.9826608125)",era5,23.61,-5.00,24.99,21.95,2.68,101371.20,0.96
2022-08-22 16:00:00,"(40.76872225, -73.9826608125)",era5,23.61,-5.00,25.02,21.72,2.05,101343.09,0.68
2022-08-22 17:00:00,"(40.76872225, -73.9826608125)",era5,23.61,-5.00,25.10,21.62,2.11,101277.73,0.79
2022-08-22 18:00:00,"(40.76872225, -73.9826608125)",era5,23.61,-5.00,25.55,21.94,1.99,101231.58,0.99
2022-08-22 19:00:00,"(40.76872225, -73.9826608125)",era5,23.61,-5.00,26.21,21.44,2.15,101154.62,2.26
2022-08-22 20:00:00,"(40.76872225, -73.9826608125)",era5,23.61,-5.00,25.91,21.41,1.99,101102.27,0.11
2022-08-22 21:00:00,"(40.76872225, -73.9826608125)",era5,23.61,-5.00,26.17,21.21,2.09,101031.36,0.12
2022-08-22 22:00:00,"(40.76872225, -73.9826608125)",era5,23.61,-5.00,25.40,21.88,0.63,101005.77,0.32
2022-08-22 23:00:00,"(40.76872225, -73.9826608125)",era5,23.61,-5.00,24.68,21.65,0.97,100989.90,0.29
2022-08-23 00:00:00,"(40.76872225, -73.9826608125)",era5,23.61,-5.00,24.25,21.43,1.24,101030.58,0.15
2022-08-23 01:00:00,"(40.76872225, -73.9826608125)",era5,23.61,-5.00,23.43,21.37,1.46,101055.01,0.09
2022-08-23 02:00:00,"(40.76872225, -73.9826608125)",era5,23.61,-5.00,23.27,21.67,1.22,101095.91,0.00
2022-08-23 03:00:00,"(40.76872225, -73.9826608125)",era5,23.61,-5.00,23.11,21.72,1.55,101055.08,0.00
2022-08-23 04:00:00,"(40.76872225, -73.9826608125)",era5,23.61,-5.00,23.28,21.62,1.48,101018.41,0.06
2022-08-23 05:00:00,"(40.76872225, -73.9826608125)",era5,23.61,-5.00,22.90,21.08,1.07,100996.83,0.56
2022-08-23 06:00:00,"(40.76872225, -73.9826608125)",era5,23.61,-5.00,22.66,21.32,0.90,100931.44,0.58
2022-08-23 07:00:00,"(40.76872225, -73.9826608125)",era5,23.61,-5.00,22.61,21.17,0.26,100923.85,2.03
2022-08-23 08:00:00,"(40.76872225, -73.9826608125)",era5,23.61,-5.00,22.44,21.16,1.03,100942.89,2.12
2022-08-23 09:00:00,"(40.76872225, -73.9826608125)",era5,23.61,-5.00,22.61,20.80,2.01,100952.30,2.50
2022-08-23 10:00:00,"(40.76872225, -73.9826608125)",era5,23.61,-5.00,21.71,20.98,0.73,100929.48,1.17
2022-08-23 11:00:00,"(40.76872225, -73.9826608125)",era5,23.61,-5.00,21.65,20.50,1.17,100925.01,0.13
2022-08-23 12:00:00,"(40.76872225, -73.9826608125)",era5,23.61,-5.00,22.26,20.65,1.17,100996.02,0.00
2022-08-23 13:00:00,"(40.76872225, -73.9826608125)",era5,23.61,-5.00,23.42,20.97,0.64,100990.85,0.00
2022-08-23 14:00:00,"(40.76872225, -73.9826608125)",era5,23.61,-5.00,23.96,21.16,0.71,100998.53,0.01
2022-08-23 15:00:00,"(40.76872225, -73.9826608125)",era5,23.61,-5.00,25.80,20.80,0.88,100998.15,0.15
2022-08-23 16:00:00,"(40.76872225, -73.9826608125)",era5,23.61,-5.00,26.79,20.50,1.61,100976.34,0.17
2022-08-23 17:00:00,"(40.76872225, -73.9826608125)",era5,23.61,-5.00,27.68,20.16,2.06,100938.88,0.04
2022-08-23 18:00:00,"(40.76872225, -73.9826608125)",era5,23.61,-5.00,28.52,19.65,2.44,100890.15,0.05
2022-08-23 19:00:00,"(40.76872225, -73.9826608125)",era5,23.61,-5.00,28.59,19.42,2.85,100869.62,0.01
2022-08-23 20:00:00,"(40.76872225, -73.9826608125)",era5,23.61,-5.00,28.55,19.17,3.16,100849.94,0.00
2022-08-23 21:00:00,"(40.76872225, -73.9826608125)",era5,23.61,-5.00,28.38,19.12,3.22,100809.72,0.01
2022-08-23 22:00:00,"(40.76872225, -73.9826608125)",era5,23.61,-5.00,28.47,18.31,2.56,100857.02,0.00
2022-08-23 23:00:00,"(40.76872225, -73.9826608125)",era5,23.61,-5.00,27.82,18.55,2.51,100927.17,0.09
2022-08-24 00:00:00,"(40.76872225, -73.9826608125)",era5,23.61,-5.00,26.47,19.06,2.86,100995.60,0.01
2022-08-24 01:00:00,"(40.76872225, -73.9826608125)",era5,23.61,-5.00,25.70,19.37,3.23,101110.59,0.00
2022-08-24 02:00:00,"(40.76872225, -73.9826608125)",era5,23.61,-5.00,25.03,19.60,2.86,101159.83,0.00
2022-08-24 03:00:00,"(40.76872225, -73.9826608125)",era5,23.61,-5.00,23.99,19.51,3.02,101183.17,0.00
2022-08-24 04:00:00,"(40.76872225, -73.9826608125)",era5,23.61,-5.00,23.56,19.45,2.81,101212.41,0.00
2022-08-24 05:00:00,"(40.76872225, -73.9826608125)",era5,23.61,-5.00,23.01,19.22,2.81,101234.00,0.00
2022-08-24 06:00:00,"(40.76872225, -73.9826608125)",era5,23.61,-5.00,22.83,19.18,3.00,101211.45,0.00
2022-08-24 07:00:00,"(40.76872225, -73.9826608125)",era5,23.61,-5.00,22.55,19.30,2.96,101209.98,0.00
2022-08-24 08:00:00,"(40.76872225, -73.9826608125)",era5,23.61,-5.00,22.16,19.26,2.66,101263.78,0.00
2022-08-24 09:00:00,"(40.76872225, -73.9826608125)",era5,23.61,-5.00,22.00,19.21,2.35,101308.07,0.00
2022-08-24 10:00:00,"(40.76872225, -73.9826608125)",era5,23.61,-5.00,21.84,19.04,2.10,101343.36,0.00
2022-08-24 11:00:00,"(40.76872225, -73.9826608125)",era5,23.61,-5.00,21.79,18.99,2.46,101409.21,0.00
2022-08-24 12:00:00,"(40.76872225, -73.9826608125)",era5,23.61,-5.00,23.04,19.13,2.10,101456.58,0.00
2022-08-24 13:00:00,"(40.76872225, -73.9826608125)",era5,23.61,-5.00,24.32,18.97,2.47,101486.95,0.00
2022-08-24 14:00:00,"(40.76872225, -73.9826608125)",era5,23.61,-5.00,25.63,18.79,2.47,101524.05,0.00
2022-08-24 15:00:00,"(40.76872225, -73.9826608125)",era5,23.61,-5.00,28.08,18.17,2.67,101504.04,0.00
2022-08-24 16:00:00,"(40.76872225, -73.9826608125)",era5,23.61,-5.00,28.78,17.58,3.06,101483.04,0.00
2022-08-24 17:00:00,"(40.76872225, -73.9826608125)",era5,23.61,-5.00,29.87,17.15,2.80,101467.70,0.00
2022-08-24 18:00:00,"(40.76872225, -73.9826608125)",era5,23.61,-5.00,30.21,16.94,2.58,101396.55,0.00
2022-08-24 19:00:00,"(40.76872225, -73.9826608125)",era5,23.61,-5.00,30.48,16.65,2.61,101365.88,0.00
2022-08-24 20:00:00,"(40.76872225, -73.9826608125)",era5,23.61,-5.00,30.76,17.30,2.57,101346.07,0.00
2022-08-24 21:00:00,"(40.76872225, -73.9826608125)",era5,23.61,-5.00,30.25,18.05,2.35,101324.64,0.00
2022-08-24 22:00:00,"(40.76872225, -73.9826608125)",era5,23.61,-5.00,30.94,14.05,1.90,101348.49,0.00
2022-08-24 23:00:00,"(40.76872225, -73.9826608125)",era5,23.61,-5.00,30.24,13.36,1.32,101378.71,0.00
2022-08-25 00:00:00,"(40.76872225, -73.9826608125)",era5,23.61,-5.00,28.17,19.01,1.44,101435.77,0.00
2022-08-25 01:00:00,"(40.76872225, -73.9826608125)",era5,23.61,-5.00,27.22,19.08,1.53,101463.05,0.00
2022-08-25 02:00:00,"(40.76872225, -73.9826608125)",era5,23.61,-5.00,26.24,19.71,1.74,101495.72,0.00
2022-08-25 03:00:00,"(40.76872225, -73.9826608125)",era5,23.61,-5.00,25.32,20.23,2.10,101554.90,0.00
2022-08-25 04:00:00,"(40.76872225, -73.9826608125)",era5,23.61,-5.00,25.03,20.27,2.30,101606.64,0.00
2022-08-25 05:00:00,"(40.76872225, -73.9826608125)",era5,23.61,-5.00,24.86,19.96,2.42,101625.03,0.00
2022-08-25 06:00:00,"(40.76872225, -73.9826608125)",era5,23.61,-5.00,24.57,19.81,2.43,101623.92,0.00
2022-08-25 07:00:00,"(40.76872225, -73.9826608125)",era5,23.61,-5.00,24.29,19.84,2.47,101624.33,0.00
2022-08-25 08:00:00,"(40.76872225, -73.9826608125)",era5,23.61,-5.00,23.69,19.61,2.59,101608.34,0.00
2022-08-25 09:00:00,"(40.76872225, -73.9826608125)",era5,23.61,-5.00,22.77,19.34,2.22,101604.28,0.00
2022-08-25 10:00:00,"(40.76872225, -73.9826608125)",era5,23.61,-5.00,22.70,18.98,1.67,101635.65,0.00
2022-08-25 11:00:00,"(40.76872225, -73.9826608125)",era5,23.61,-5.00,22.47,18.92,1.96,101711.05,0.00
2022-08-25 12:00:00,"(40.76872225, -73.9826608125)",era5,23.61,-5.00,23.80,19.22,1.52,101725.06,0.00
2022-08-25 13:00:00,"(40.76872225, -73.9826608125)",era5,23.61,-5.00,25.11,18.42,1.67,101748.91,0.00
2022-08-25 14:00:00,"(40.76872225, -73.9826608125)",era5,23.61,-5.00,26.76,17.75,1.81,101754.18,0.00
2022-08-25 15:00:00,"(40.76872225, -73.9826608125)",era5,23.61,-5.00,28.87,16.61,1.60,101751.20,0.00
2022-08-25 16:00:00,"(40.76872225, -73.9826608125)",era5,23.61,-5.00,29.38,16.39,1.43,101723.65,0.00
2022-08-25 17:00:00,"(40.76872225, -73.9826608125)",era5,23.61,-5.00,29.91,16.56,0.81,101683.27,0.00
2022-08-25 18:00:00,"(40.76872225, -73.9826608125)",era5,23.61,-5.00,30.68,15.57,0.35,101638.16,0.00
2022-08-25 19:00:00,"(40.76872225, -73.9826608125)",era5,23.61,-5.00,30.70,15.79,0.87,101573.00,0.00
2022-08-25 20:00:00,"(40.76872225, -73.9826608125)",era5,23.61,-5.00,30.76,15.88,1.72,101566.75,0.00
2022-08-25 21:00:00,"(40.76872225, -73.9826608125)",era5,23.61,-5.00,31.28,15.62,3.18,101524.97,0.00
2022-08-25 22:00:00,"(40.76872225, -73.9826608125)",era5,23.61,-5.00,29.41,17.29,3.74,101543.68,0.00
2022-08-25 23:00:00,"(40.76872225, -73.9826608125)",era5,23.61,-5.00,28.41,17.92,3.63,101540.18,0.00
2022-08-26 00:00:00,"(40.76872225, -73.9826608125)",era5,23.61,-5.00,27.32,18.73,3.60,101591.80,0.00
2022-08-26 01:00:00,"(40.76872225, -73.9826608125)",era5,23.61,-5.00,26.87,18.63,3.22,101631.46,0.00
2022-08-26 02:00:00,"(40.76872225, -73.9826608125)",era5,23.61,-5.00,26.54,18.83,3.09,101636.13,0.00
2022-08-26 03:00:00,"(40.76872225, -73.9826608125)",era5,23.61,-5.00,25.80,19.34,3.05,101620.27,0.00
2022-08-26 04:00:00,"(40.76872225, -73.9826608125)",era5,23.61,-5.00,25.37,19.39,2.86,101620.54,0.00
2022-08-26 05:00:00,"(40.76872225, -73.9826608125)",era5,23.61,-5.00,24.93,19.39,2.90,101617.85,0.00
2022-08-26 06:00:00,"(40.76872225, -73.9826608125)",era5,23.61,-5.00,24.79,19.46,2.77,101573.24,0.00
2022-08-26 07:00:00,"(40.76872225, -73.9826608125)",era5,23.61,-5.00,24.49,19.56,2.44,101535.96,0.00
2022-08-26 08:00:00,"(40.76872225, -73.9826608125)",era5,23.61,-5.00,24.19,19.65,2.14,101502.41,0.00
2022-08-26 09:00:00,"(40.76872225, -73.9826608125)",era5,23.61,-5.00,23.82,19.84,2.07,101495.03,0.00
2022-08-26 10:00:00,"(40.76872225, -73.9826608125)",era5,23.61,-5.00,23.01,19.72,1.52,101447.37,0.00
2022-08-26 11:00:00,"(40.76872225, -73.9826608125)",era5,23.61,-5.00,22.93,19.99,1.69,101478.62,0.00
2022-08-26 12:00:00,"(40.76872225, -73.9826608125)",era5,23.61,-5.00,24.11,20.66,1.24,101436.29,0.00
2022-08-26 13:00:00,"(40.76872225, -73.9826608125)",era5,23.61,-5.00,25.12,20.96,1.23,101425.95,0.00
2022-08-26 14:00:00,"(40.76872225, -73.9826608125)",era5,23.61,-5.00,26.34,21.48,1.98,101421.84,0.00
2022-08-26 15:00:00,"(40.76872225, -73.9826608125)",era5,23.61,-5.00,28.34,21.43,2.95,101396.82,0.12
2022-08-26 16:00:00,"(40.76872225, -73.9826608125)",era5,23.61,-5.00,29.01,21.34,3.35,101349.45,0.16
2022-08-26 17:00:00,"(40.76872225, -73.9826608125)",era5,23.61,-5.00,29.92,20.48,3.94,101263.55,0.13
2022-08-26 18:00:00,"(40.76872225, -73.9826608125)",era5,23.61,-5.00,30.03,20.26,4.34,101183.38,0.09
2022-08-26 19:00:00,"(40.76872225, -73.9826608125)",era5,23.61,-5.00,29.47,20.79,4.10,101103.02,0.90
2022-08-26 20:00:00,"(40.76872225, -73.9826608125)",era5,23.61,-5.00,28.98,21.10,4.52,101106.45,0.66
2022-08-26 21:00:00,"(40.76872225, -73.9826608125)",era5,23.61,-5.00,30.35,21.02,4.44,101099.03,1.99
2022-08-26 22:00:00,"(40.76872225, -73.9826608125)",era5,23.61,-5.00,28.72,21.31,1.54,100998.16,0.74
2022-08-26 23:00:00,"(40.76872225, -73.9826608125)",era5,23.61,-5.00,28.45,20.80,1.91,101113.05,0.08
2022-08-27 00:00:00,"(40.76872225, -73.9826608125)",era5,23.61,-5.00,27.63,20.79,2.44,101198.08,0.08
2022-08-27 01:00:00,"(40.76872225, -73.9826608125)",era5,23.61,-5.00,26.76,21.02,2.45,101263.07,0.00
2022-08-27 02:00:00,"(40.76872225, -73.9826608125)",era5,23.61,-5.00,26.45,20.60,2.22,101302.11,0.00
2022-08-27 03:00:00,"(40.76872225, -73.9826608125)",era5,23.61,-5.00,25.58,20.67,2.11,101311.47,0.00
2022-08-27 04:00:00,"(40.76872225, -73.9826608125)",era5,23.61,-5.00,25.34,20.58,1.96,101329.88,0.00
2022-08-27 05:00:00,"(40.76872225, -73.9826608125)",era5,23.61,-5.00,24.72,20.47,1.67,101335.66,0.00
2022-08-27 06:00:00,"(40.76872225, -73.9826608125)",era5,23.61,-5.00,24.69,20.88,1.76,101310.84,0.00
2022-08-27 07:00:00,"(40.76872225, -73.9826608125)",era5,23.61,-5.00,24.38,20.82,1.70,101320.59,0.00
2022-08-27 08:00:00,"(40.76872225, -73.9826608125)",era5,23.61,-5.00,24.14,20.41,1.60,101318.01,0.00
2022-08-27 09:00:00,"(40.76872225, -73.9826608125)",era5,23.61,-5.00,23.70,20.19,1.54,101336.96,0.00
2022-08-27 10:00:00,"(40.76872225, -73.9826608125)",era5,23.61,-5.00,22.45,19.74,2.21,101393.91,0.00
2022-08-27 11:00:00,"(40.76872225, -73.9826608125)",era5,23.61,-5.00,22.50,19.64,2.58,101462.57,0.00
2022-08-27 12:00:00,"(40.76872225, -73.9826608125)",era5,23.61,-5.00,23.69,20.14,2.76,101518.41,0.00
2022-08-27 13:00:00,"(40.76872225, -73.9826608125)",era5,23.61,-5.00,24.46,20.54,2.77,101579.28,0.00
2022-08-27 14:00:00,"(40.76872225, -73.9826608125)",era5,23.61,-5.00,25.49,20.24,2.72,101609.59,0.00
2022-08-27 15:00:00,"(40.76872225, -73.9826608125)",era5,23.61,-5.00,27.46,19.67,2.24,101636.24,0.00
2022-08-27 16:00:00,"(40.76872225, -73.9826608125)",era5,23.61,-5.00,28.11,19.10,1.67,101623.09,0.01
2022-08-27 17:00:00,"(40.76872225, -73.9826608125)",era5,23.61,-5.00,28.74,18.81,1.40,101601.38,0.02
2022-08-27 18:00:00,"(40.76872225, -73.9826608125)",era5,23.61,-5.00,28.85,18.83,1.23,101564.29,0.00
2022-08-27 19:00:00,"(40.76872225, -73.9826608125)",era5,23.61,-5.00,29.19,19.02,1.20,101518.59,0.00
2022-08-27 20:00:00,"(40.76872225, -73.9826608125)",era5,23.61,-5.00,29.51,18.90,1.46,101529.09,0.00
2022-08-27 21:00:00,"(40.76872225, -73.9826608125)",era5,23.61,-5.00,29.61,18.78,2.49,101533.72,0.01
2022-08-27 22:00:00,"(40.76872225, -73.9826608125)",era5,23.61,-5.00,28.49,18.86,2.23,101580.62,0.01
2022-08-27 23:00:00,"(40.76872225, -73.9826608125)",era5,23.61,-5.00,27.42,19.37,2.21,101633.81,0.01
2022-08-28 00:00:00,"(40.76872225, -73.9826608125)",era5,23.61,-5.00,26.34,20.51,1.15,101647.93,0.01
2022-08-28 01:00:00,"(40.76872225, -73.9826608125)",era5,23.61,-5.00,25.82,20.86,0.88,101700.77,0.00
2022-08-28 02:00:00,"(40.76872225, -73.9826608125)",era5,23.61,-5.00,25.42,21.13,1.01,101775.69,0.00
2022-08-28 03:00:00,"(40.76872225, -73.9826608125)",era5,23.61,-5.00,24.84,21.51,1.72,101831.55,0.00
2022-08-28 04:00:00,"(40.76872225, -73.9826608125)",era5,23.61,-5.00,24.45,21.48,1.92,101863.50,0.00
2022-08-28 05:00:00,"(40.76872225, -73.9826608125)",era5,23.61,-5.00,23.75,21.05,2.22,101900.69,0.22
2022-08-28 06:00:00,"(40.76872225, -73.9826608125)",era5,23.61,-5.00,23.68,20.91,2.33,101860.86,0.11
2022-08-28 07:00:00,"(40.76872225, -73.9826608125)",era5,23.61,-5.00,23.31,20.57,3.02,101888.70,0.00
2022-08-28 08:00:00,"(40.76872225, -73.9826608125)",era5,23.61,-5.00,23.07,20.24,3.21,101904.41,0.00
2022-08-28 09:00:00,"(40.76872225, -73.9826608125)",era5,23.61,-5.00,22.62,20.15,2.31,101964.40,0.00
2022-08-28 10:00:00,"(40.76872225, -73.9826608125)",era5,23.61,-5.00,22.72,20.53,2.95,102022.94,0.04
2022-08-28 11:00:00,"(40.76872225, -73.9826608125)",era5,23.61,-5.00,22.89,20.55,3.06,102084.67,0.02
2022-08-28 12:00:00,"(40.76872225, -73.9826608125)",era5,23.61,-5.00,23.22,20.44,3.62,102142.98,0.02
2022-08-28 13:00:00,"(40.76872225, -73.9826608125)",era5,23.61,-5.00,23.64,20.77,3.59,102185.57,0.04
2022-08-28 14:00:00,"(40.76872225, -73.9826608125)",era5,23.61,-5.00,24.04,21.03,3.34,102196.30,0.11
2022-08-28 15:00:00,"(40.76872225, -73.9826608125)",era5,23.61,-5.00,25.07,20.34,3.05,102204.22,0.51
2022-08-28 16:00:00,"(40.76872225, -73.9826608125)",era5,23.61,-5.00,25.08,20.64,2.79,102176.27,0.36
2022-08-28 17:00:00,"(40.76872225, -73.9826608125)",era5,23.61,-5.00,25.81,21.07,2.73,102163.80,0.14
2022-08-28 18:00:00,"(40.76872225, -73.9826608125)",era5,23.61,-5.00,26.45,21.21,2.81,102133.73,0.63
2022-08-28 19:00:00,"(40.76872225, -73.9826608125)",era5,23.61,-5.00,26.34,21.42,2.92,102086.92,0.02
2022-08-28 20:00:00,"(40.76872225, -73.9826608125)",era5,23.61,-5.00,26.56,21.38,3.03,102029.18,0.16
2022-08-28 21:00:00,"(40.76872225, -73.9826608125)",era5,23.61,-5.00,26.53,21.02,3.49,102017.70,0.14
2022-08-28 22:00:00,"(40.76872225, -73.9826608125)",era5,23.61,-5.00,25.59,21.19,3.40,101989.92,0.25
2022-08-28 23:00:00,"(40.76872225, -73.9826608125)",era5,23.61,-5.00,25.31,20.89,3.15,101981.87,0.21
2022-08-29 00:00:00,"(40.76872225, -73.9826608125)",era5,23.61,-5.00,24.14,21.04,3.14,101997.23,0.05
2022-08-29 01:00:00,"(40.76872225, -73.9826608125)",era5,23.61,-5.00,23.93,21.14,3.14,102024.52,0.05
2022-08-29 02:00:00,"(40.76872225, -73.9826608125)",era5,23.61,-5.00,23.82,21.22,3.08,102046.56,0.00
2022-08-29 03:00:00,"(40.76872225, -73.9826608125)",era5,23.61,-5.00,23.72,21.33,2.72,102048.09,0.00
2022-08-29 04:00:00,"(40.76872225, -73.9826608125)",era5,23.61,-5.00,23.45,21.25,2.27,102068.57,0.01
2022-08-29 05:00:00,"(40.76872225, -73.9826608125)",era5,23.61,-5.00,23.31,21.25,1.78,102081.91,0.01
2022-08-29 06:00:00,"(40.76872225, -73.9826608125)",era5,23.61,-5.00,23.39,21.32,1.86,102069.15,0.02
2022-08-29 07:00:00,"(40.76872225, -73.9826608125)",era5,23.61,-5.00,23.51,21.42,1.47,102056.86,0.02
2022-08-29 08:00:00,"(40.76872225, -73.9826608125)",era5,23.61,-5.00,23.51,21.52,1.12,102019.55,0.05
2022-08-29 09:00:00,"(40.76872225, -73.9826608125)",era5,23.61,-5.00,23.17,21.47,1.07,102004.84,0.00
2022-08-29 10:00:00,"(40.76872225, -73.9826608125)",era5,23.61,-5.00,23.28,21.82,0.89,102008.33,0.00
2022-08-29 11:00:00,"(40.76872225, -73.9826608125)",era5,23.61,-5.00,22.93,21.74,0.94,102005.41,0.00
2022-08-29 12:00:00,"(40.76872225, -73.9826608125)",era5,23.61,-5.00,23.66,22.10,0.80,102064.38,0.03
2022-08-29 13:00:00,"(40.76872225, -73.9826608125)",era5,23.61,-5.00,24.48,21.98,1.38,102076.97,0.07
2022-08-29 14:00:00,"(40.76872225, -73.9826608125)",era5,23.61,-5.00,25.62,21.98,1.66,102076.10,0.05
2022-08-29 15:00:00,"(40.76872225, -73.9826608125)",era5,23.61,-5.00,27.40,22.01,2.15,102059.91,0.04
2022-08-29 16:00:00,"(40.76872225, -73.9826608125)",era5,23.61,-5.00,27.64,21.94,2.59,101992.04,0.03
2022-08-29 17:00:00,"(40.76872225, -73.9826608125)",era5,23.61,-5.00,28.16,21.89,2.89,101909.83,0.07
2022-08-29 18:00:00,"(40.76872225, -73.9826608125)",era5,23.61,-5.00,28.95,21.87,3.19,101862.03,0.00
2022-08-29 19:00:00,"(40.76872225, -73.9826608125)",era5,23.61,-5.00,29.47,21.80,3.62,101753.68,0.05
2022-08-29 20:00:00,"(40.76872225, -73.9826608125)",era5,23.61,-5.00,29.45,21.83,3.91,101740.77,0.03
2022-08-29 21:00:00,"(40.76872225, -73.9826608125)",era5,23.61,-5.00,28.79,22.14,4.59,101682.11,0.00
2022-08-29 22:00:00,"(40.76872225, -73.9826608125)",era5,23.61,-5.00,28.01,22.10,4.34,101675.47,0.00
2022-08-29 23:00:00,"(40.76872225, -73.9826608125)",era5,23.61,-5.00,27.17,21.99,4.52,101660.84,0.00
2022-08-30 00:00:00,"(40.76872225, -73.9826608125)",era5,23.61,-5.00,26.36,22.21,4.62,101654.21,0.00
2022-08-30 01:00:00,"(40.76872225, -73.9826608125)",era5,23.61,-5.00,25.91,22.14,4.32,101660.02,0.00
2022-08-30 02:00:00,"(40.76872225, -73.9826608125)",era5,23.61,-5.00,25.63,22.01,3.89,101670.62,0.00
2022-08-30 03:00:00,"(40.76872225, -73.9826608125)",era5,23.61,-5.00,25.07,22.04,3.64,101659.08,0.00
2022-08-30 04:00:00,"(40.76872225, -73.9826608125)",era5,23.61,-5.00,24.83,21.98,3.24,101631.86,0.00
2022-08-30 05:00:00,"(40.76872225, -73.9826608125)",era5,23.61,-5.00,24.32,21.95,3.01,101619.74,0.00
2022-08-30 06:00:00,"(40.76872225, -73.9826608125)",era5,23.61,-5.00,24.10,21.94,2.82,101590.49,0.00
2022-08-30 07:00:00,"(40.76872225, -73.9826608125)",era5,23.61,-5.00,23.77,21.87,2.94,101522.38,0.00
2022-08-30 08:00:00,"(40.76872225, -73.9826608125)",era5,23.61,-5.00,23.66,21.96,2.99,101497.14,0.00
2022-08-30 09:00:00,"(40.76872225, -73.9826608125)",era5,23.61,-5.00,23.65,22.17,2.91,101452.00,0.00
2022-08-30 10:00:00,"(40.76872225, -73.9826608125)",era5,23.61,-5.00,23.91,22.25,1.43,101485.53,0.00
2022-08-30 11:00:00,"(40.76872225, -73.9826608125)",era5,23.61,-5.00,23.96,22.26,2.14,101464.85,0.00
2022-08-30 12:00:00,"(40.76872225, -73.9826608125)",era5,23.61,-5.00,24.62,22.34,2.77,101401.70,0.00
2022-08-30 13:00:00,"(40.76872225, -73.9826608125)",era5,23.61,-5.00,25.10,22.36,3.07,101374.59,0.00
2022-08-30 14:00:00,"(40.76872225, -73.9826608125)",era5,23.61,-5.00,26.18,22.25,3.18,101354.32,0.00
2022-08-30 15:00:00,"(40.76872225, -73.9826608125)",era5,23.61,-5.00,28.02,22.03,3.13,101311.28,0.01
2022-08-30 16:00:00,"(40.76872225, -73.9826608125)",era5,23.61,-5.00,28.96,21.84,3.25,101244.79,0.03
2022-08-30 17:00:00,"(40.76872225, -73.9826608125)",era5,23.61,-5.00,29.75,21.82,3.85,101111.77,0.03
2022-08-30 18:00:00,"(40.76872225, -73.9826608125)",era5,23.61,-5.00,29.97,21.44,4.79,101018.99,0.02
2022-08-30 19:00:00,"(40.76872225, -73.9826608125)",era5,23.61,-5.00,30.33,21.69,5.27,100940.80,0.08
2022-08-30 20:00:00,"(40.76872225, -73.9826608125)",era5,23.61,-5.00,30.07,21.34,5.54,100855.82,0.01
2022-08-30 21:00:00,"(40.76872225, -73.9826608125)",era5,23.61,-5.00,29.26,21.42,5.74,100795.72,0.01
2022-08-30 22:00:00,"(40.76872225, -73.9826608125)",era5,23.61,-5.00,28.26,21.09,5.52,100756.96,0.00
2022-08-30 23:00:00,"(40.76872225, -73.9826608125)",era5,23.61,-5.00,27.55,21.31,4.90,100732.73,0.02
2022-08-31 00:00:00,"(40.76872225, -73.9826608125)",era5,23.61,-5.00,26.62,21.49,3.78,100742.37,0.20
2022-08-31 01:00:00,"(40.76872225, -73.9826608125)",era5,23.61,-5.00,25.59,21.57,3.53,100802.23,0.33
2022-08-31 02:00:00,"(40.76872225, -73.9826608125)",era5,23.61,-5.00,24.90,21.50,2.69,100812.87,0.45
2022-08-31 03:00:00,"(40.76872225, -73.9826608125)",era5,23.61,-5.00,23.97,21.58,2.46,100815.30,0.92
2022-08-31 04:00:00,"(40.76872225, -73.9826608125)",era5,23.61,-5.00,23.55,21.82,2.91,100820.01,1.39
2022-08-31 05:00:00,"(40.76872225, -73.9826608125)",era5,23.61,-5.00,23.29,21.87,2.81,100802.12,1.19
2022-08-31 06:00:00,"(40.76872225, -73.9826608125)",era5,23.61,-5.00,23.32,21.87,2.34,100787.56,0.19
2022-08-31 07:00:00,"(40.76872225, -73.9826608125)",era5,23.61,-5.00,23.04,21.65,1.82,100778.24,0.03
2022-08-31 08:00:00,"(40.76872225, -73.9826608125)",era5,23.61,-5.00,22.70,21.14,2.30,100800.93,0.00
2022-08-31 09:00:00,"(40.76872225, -73.9826608125)",era5,23.61,-5.00,22.05,20.40,2.38,100821.79,0.00
2022-08-31 10:00:00,"(40.76872225, -73.9826608125)",era5,23.61,-5.00,21.13,19.04,2.10,100793.52,0.00
2022-08-31 11:00:00,"(40.76872225, -73.9826608125)",era5,23.61,-5.00,21.28,19.22,2.54,100861.12,0.00
2022-08-31 12:00:00,"(40.76872225, -73.9826608125)",era5,23.61,-5.00,22.67,19.40,2.81,100926.04,0.00
2022-08-31 13:00:00,"(40.76872225, -73.9826608125)",era5,23.61,-5.00,23.23,19.43,3.66,100946.52,0.00
2022-08-31 14:00:00,"(40.76872225, -73.9826608125)",era5,23.61,-5.00,24.32,19.35,3.56,100965.84,0.00
2022-08-31 15:00:00,"(40.76872225, -73.9826608125)",era5,23.61,-5.00,26.37,18.25,3.37,100938.55,0.02
2022-08-31 16:00:00,"(40.76872225, -73.9826608125)",era5,23.61,-5.00,27.08,17.46,3.88,100914.78,0.01
2022-08-31 17:00:00,"(40.76872225, -73.9826608125)",era5,23.61,-5.00,27.58,16.01,4.47,100872.96,0.00
2022-08-31 18:00:00,"(40.76872225, -73.9826608125)",era5,23.61,-5.00,28.21,15.90,4.65,100848.12,0.00
2022-08-31 19:00:00,"(40.76872225, -73.9826608125)",era5,23.61,-5.00,28.58,15.18,4.84,100839.79,0.00
2022-08-31 20:00:00,"(40.76872225, -73.9826608125)",era5,23.61,-5.00,28.97,13.68,4.78,100873.67,0.00
2022-08-31 21:00:00,"(40.76872225, -73.9826608125)",era5,23.61,-5.00,28.78,12.53,4.46,100839.80,0.00
2022-08-31 22:00:00,"(40.76872225, -73.9826608125)",era5,23.61,-5.00,27.80,12.53,4.22,100886.73,0.00
2022-08-31 23:00:00,"(40.76872225, -73.9826608125)",era5,23.61,-5.00,27.20,12.55,3.19,100956.58,0.00
2022-09-01 00:00:00,"(40.76872225, -73.9826608125)",era5,23.61,-5.00,25.66,13.50,1.99,101000.00,0.00
2022-09-01 01:00:00,"(40.76872225, -73.9826608125)",era5,23.61,-5.00,24.48,14.63,2.15,101034.76,0.00
2022-09-01 02:00:00,"(40.76872225, -73.9826608125)",era5,23.61,-5.00,23.92,14.95,2.82,101075.89,0.00
2022-09-01 03:00:00,"(40.76872225, -73.9826608125)",era5,23.61,-5.00,22.80,15.11,3.16,101095.91,0.00
2022-09-01 04:00:00,"(40.76872225, -73.9826608125)",era5,23.61,-5.00,22.57,14.44,3.25,101101.06,0.00
2022-09-01 05:00:00,"(40.76872225, -73.9826608125)",era5,23.61,-5.00,22.37,14.14,3.60,101117.99,0.00
2022-09-01 06:00:00,"(40.76872225, -73.9826608125)",era5,23.61,-5.00,21.93,14.31,4.03,101115.80,0.00
2022-09-01 07:00:00,"(40.76872225, -73.9826608125)",era5,23.61,-5.00,21.68,14.68,3.91,101141.34,0.00
2022-09-01 08:00:00,"(40.76872225, -73.9826608125)",era5,23.61,-5.00,21.18,14.99,3.78,101131.73,0.00
2022-09-01 09:00:00,"(40.76872225, -73.9826608125)",era5,23.61,-5.00,20.91,15.16,3.74,101176.11,0.00
2022-09-01 10:00:00,"(40.76872225, -73.9826608125)",era5,23.61,-5.00,20.23,14.97,3.74,101220.85,0.00
2022-09-01 11:00:00,"(40.76872225, -73.9826608125)",era5,23.61,-5.00,20.28,15.20,3.31,101302.71,0.00
2022-09-01 12:00:00,"(40.76872225, -73.9826608125)",era5,23.61,-5.00,21.61,15.08,2.48,101323.85,0.00
2022-09-01 13:00:00,"(40.76872225, -73.9826608125)",era5,23.61,-5.00,23.06,15.14,2.75,101348.04,0.00
2022-09-01 14:00:00,"(40.76872225, -73.9826608125)",era5,23.61,-5.00,24.85,15.12,3.45,101357.62,0.00
2022-09-01 15:00:00,"(40.76872225, -73.9826608125)",era5,23.61,-5.00,26.67,14.01,3.97,101370.38,0.00
2022-09-01 16:00:00,"(40.76872225, -73.9826608125)",era5,23.61,-5.00,27.27,13.76,4.11,101364.16,0.00
2022-09-01 17:00:00,"(40.76872225, -73.9826608125)",era5,23.61,-5.00,27.88,13.38,4.02,101350.52,0.00
2022-09-01 18:00:00,"(40.76872225, -73.9826608125)",era5,23.61,-5.00,28.54,12.82,4.04,101325.70,0.00
2022-09-01 19:00:00,"(40.76872225, -73.9826608125)",era5,23.61,-5.00,28.87,12.21,4.18,101307.96,0.00
2022-09-01 20:00:00,"(40.76872225, -73.9826608125)",era5,23.61,-5.00,29.37,11.58,4.28,101299.41,0.00
2022-09-01 21:00:00,"(40.76872225, -73.9826608125)",era5,23.61,-5.00,29.42,11.24,4.24,101292.73,0.00
2022-09-01 22:00:00,"(40.76872225, -73.9826608125)",era5,23.61,-5.00,28.32,10.80,3.77,101369.24,0.00
2022-09-01 23:00:00,"(40.76872225, -73.9826608125)",era5,23.61,-5.00,27.45,11.06,3.15,101400.52,0.00
